Nitrogen,Phosphorus,Potassium,pH,Rainfall,Temperature,Crop,Fertilizer
100,60,40,6.0,500,15,Wheat,19:19:19 NPK
105,60,40,6.0,500,15,Wheat,19:19:19 NPK
110,60,40,6.0,500,15,Wheat,19:19:19 NPK
115,60,40,6.0,500,15,Wheat,19:19:19 NPK
120,60,40,6.0,500,15,Wheat,19:19:19 NPK
100,65,45,6.5,600,20,Wheat,19:19:19 NPK
105,65,45,6.5,600,20,Wheat,19:19:19 NPK
110,65,45,6.5,600,20,Wheat,19:19:19 NPK
115,65,45,6.5,600,20,Wheat,19:19:19 NPK
120,65,45,6.5,600,20,Wheat,19:19:19 NPK
100,70,50,7.0,700,25,Wheat,19:19:19 NPK
105,70,50,7.0,700,25,Wheat,19:19:19 NPK
110,70,50,7.0,700,25,Wheat,19:19:19 NPK
115,70,50,7.0,700,25,Wheat,19:19:19 NPK
120,70,50,7.0,700,25,Wheat,19:19:19 NPK
100,75,55,7.5,800,15,Wheat,19:19:19 NPK
105,75,55,7.5,800,15,Wheat,19:19:19 NPK
110,75,55,7.5,800,15,Wheat,19:19:19 NPK
115,75,55,7.5,800,15,Wheat,19:19:19 NPK
120,75,55,7.5,800,15,Wheat,19:19:19 NPK
100,80,60,6.0,900,20,Wheat,19:19:19 NPK
105,80,60,6.0,900,20,Wheat,19:19:19 NPK
110,80,60,6.0,900,20,Wheat,19:19:19 NPK
115,80,60,6.0,900,20,Wheat,19:19:19 NPK
120,80,60,6.0,900,20,Wheat,19:19:19 NPK
100,60,45,6.5,1000,25,Wheat,Urea
105,60,45,6.5,1000,25,Wheat,Urea
110,60,45,6.5,1000,25,Wheat,Urea
115,60,45,6.5,1000,25,Wheat,Urea
120,60,45,6.5,1000,25,Wheat,Urea
100,65,50,7.0,500,15,Wheat,Urea
105,65,50,7.0,500,15,Wheat,Urea
110,65,50,7.0,500,15,Wheat,Urea
115,65,50,7.0,500,15,Wheat,Urea
120,65,50,7.0,500,15,Wheat,Urea
100,70,55,7.5,600,20,Wheat,Urea
105,70,55,7.5,600,20,Wheat,Urea
110,70,55,7.5,600,20,Wheat,Urea
115,70,55,7.5,600,20,Wheat,Urea
120,70,55,7.5,600,20,Wheat,Urea
100,75,60,6.0,700,25,Wheat,Urea
105,75,60,6.0,700,25,Wheat,Urea
110,75,60,6.0,700,25,Wheat,Urea
115,75,60,6.0,700,25,Wheat,Urea
120,75,60,6.0,700,25,Wheat,Urea
100,80,40,6.5,800,15,Wheat,Urea
105,80,40,6.5,800,15,Wheat,Urea
110,80,40,6.5,800,15,Wheat,Urea
115,80,40,6.5,800,15,Wheat,Urea
120,80,40,6.5,800,15,Wheat,Urea
100,60,50,7.0,900,20,Wheat,19:19:19 NPK
105,60,50,7.0,900,20,Wheat,19:19:19 NPK
110,60,50,7.0,900,20,Wheat,19:19:19 NPK
115,60,50,7.0,900,20,Wheat,19:19:19 NPK
120,60,50,7.0,900,20,Wheat,19:19:19 NPK
100,65,55,7.5,1000,25,Wheat,19:19:19 NPK
105,65,55,7.5,1000,25,Wheat,19:19:19 NPK
110,65,55,7.5,1000,25,Wheat,19:19:19 NPK
115,65,55,7.5,1000,25,Wheat,19:19:19 NPK
120,65,55,7.5,1000,25,Wheat,19:19:19 NPK
100,70,60,6.0,500,15,Wheat,19:19:19 NPK
105,70,60,6.0,500,15,Wheat,19:19:19 NPK
110,70,60,6.0,500,15,Wheat,19:19:19 NPK
115,70,60,6.0,500,15,Wheat,19:19:19 NPK
120,70,60,6.0,500,15,Wheat,19:19:19 NPK
100,75,40,6.5,600,20,Wheat,19:19:19 NPK
105,75,40,6.5,600,20,Wheat,19:19:19 NPK
110,75,40,6.5,600,20,Wheat,19:19:19 NPK
115,75,40,6.5,600,20,Wheat,19:19:19 NPK
120,75,40,6.5,600,20,Wheat,19:19:19 NPK
100,80,45,7.0,700,25,Wheat,19:19:19 NPK
105,80,45,7.0,700,25,Wheat,19:19:19 NPK
110,80,45,7.0,700,25,Wheat,19:19:19 NPK
115,80,45,7.0,700,25,Wheat,19:19:19 NPK
120,80,45,7.0,700,25,Wheat,19:19:19 NPK
100,60,55,7.5,800,15,Wheat,Urea
105,60,55,7.5,800,15,Wheat,Urea
110,60,55,7.5,800,15,Wheat,Urea
115,60,55,7.5,800,15,Wheat,Urea
120,60,55,7.5,800,15,Wheat,Urea
100,65,60,6.0,900,20,Wheat,Urea
105,65,60,6.0,900,20,Wheat,Urea
110,65,60,6.0,900,20,Wheat,Urea
115,65,60,6.0,900,20,Wheat,Urea
120,65,60,6.0,900,20,Wheat,Urea
100,70,40,6.5,1000,25,Wheat,Urea
105,70,40,6.5,1000,25,Wheat,Urea
110,70,40,6.5,1000,25,Wheat,Urea
115,70,40,6.5,1000,25,Wheat,Urea
120,70,40,6.5,1000,25,Wheat,Urea
100,75,45,7.0,500,15,Wheat,Urea
105,75,45,7.0,500,15,Wheat,Urea
110,75,45,7.0,500,15,Wheat,Urea
115,75,45,7.0,500,15,Wheat,Urea
120,75,45,7.0,500,15,Wheat,Urea
100,80,50,7.5,600,20,Wheat,Urea
105,80,50,7.5,600,20,Wheat,Urea
110,80,50,7.5,600,20,Wheat,Urea
115,80,50,7.5,600,20,Wheat,Urea
120,80,50,7.5,600,20,Wheat,Urea
100,60,60,6.0,700,25,Wheat,19:19:19 NPK
105,60,60,6.0,700,25,Wheat,19:19:19 NPK
110,60,60,6.0,700,25,Wheat,19:19:19 NPK
115,60,60,6.0,700,25,Wheat,19:19:19 NPK
120,60,60,6.0,700,25,Wheat,19:19:19 NPK
100,65,40,6.5,800,15,Wheat,19:19:19 NPK
105,65,40,6.5,800,15,Wheat,19:19:19 NPK
110,65,40,6.5,800,15,Wheat,19:19:19 NPK
115,65,40,6.5,800,15,Wheat,19:19:19 NPK
120,65,40,6.5,800,15,Wheat,19:19:19 NPK
100,70,45,7.0,900,20,Wheat,19:19:19 NPK
105,70,45,7.0,900,20,Wheat,19:19:19 NPK
110,70,45,7.0,900,20,Wheat,19:19:19 NPK
115,70,45,7.0,900,20,Wheat,19:19:19 NPK
120,70,45,7.0,900,20,Wheat,19:19:19 NPK
100,75,50,7.5,1000,25,Wheat,19:19:19 NPK
105,75,50,7.5,1000,25,Wheat,19:19:19 NPK
110,75,50,7.5,1000,25,Wheat,19:19:19 NPK
115,75,50,7.5,1000,25,Wheat,19:19:19 NPK
120,75,50,7.5,1000,25,Wheat,19:19:19 NPK
100,80,55,6.0,500,15,Wheat,19:19:19 NPK
105,80,55,6.0,500,15,Wheat,19:19:19 NPK
110,80,55,6.0,500,15,Wheat,19:19:19 NPK
115,80,55,6.0,500,15,Wheat,19:19:19 NPK
120,80,55,6.0,500,15,Wheat,19:19:19 NPK
100,40,40,6.0,500,15,Wheat,Urea
105,40,40,6.0,500,15,Wheat,Urea
110,40,40,6.0,500,15,Wheat,Urea
115,40,40,6.0,500,15,Wheat,Urea
120,40,40,6.0,500,15,Wheat,Urea
100,45,45,6.5,600,20,Wheat,Urea
105,45,45,6.5,600,20,Wheat,Urea
110,45,45,6.5,600,20,Wheat,Urea
115,45,45,6.5,600,20,Wheat,Urea
120,45,45,6.5,600,20,Wheat,Urea
100,50,50,7.0,700,25,Wheat,Urea
105,50,50,7.0,700,25,Wheat,Urea
110,50,50,7.0,700,25,Wheat,Urea
115,50,50,7.0,700,25,Wheat,Urea
120,50,50,7.0,700,25,Wheat,Urea
100,55,55,7.5,800,15,Wheat,Urea
105,55,55,7.5,800,15,Wheat,Urea
110,55,55,7.5,800,15,Wheat,Urea
115,55,55,7.5,800,15,Wheat,Urea
120,55,55,7.5,800,15,Wheat,Urea
100,60,60,6.0,900,20,Wheat,Urea
105,60,60,6.0,900,20,Wheat,Urea
110,60,60,6.0,900,20,Wheat,Urea
115,60,60,6.0,900,20,Wheat,Urea
120,60,60,6.0,900,20,Wheat,Urea
100,40,45,6.5,1000,25,Wheat,19:19:19 NPK
105,40,45,6.5,1000,25,Wheat,19:19:19 NPK
110,40,45,6.5,1000,25,Wheat,19:19:19 NPK
115,40,45,6.5,1000,25,Wheat,19:19:19 NPK
120,40,45,6.5,1000,25,Wheat,19:19:19 NPK
100,45,50,7.0,500,15,Wheat,19:19:19 NPK
105,45,50,7.0,500,15,Wheat,19:19:19 NPK
110,45,50,7.0,500,15,Wheat,19:19:19 NPK
115,45,50,7.0,500,15,Wheat,19:19:19 NPK
120,45,50,7.0,500,15,Wheat,19:19:19 NPK
100,50,55,7.5,600,20,Wheat,19:19:19 NPK
105,50,55,7.5,600,20,Wheat,19:19:19 NPK
110,50,55,7.5,600,20,Wheat,19:19:19 NPK
115,50,55,7.5,600,20,Wheat,19:19:19 NPK
120,50,55,7.5,600,20,Wheat,19:19:19 NPK
100,55,60,6.0,700,25,Wheat,19:19:19 NPK
105,55,60,6.0,700,25,Wheat,19:19:19 NPK
110,55,60,6.0,700,25,Wheat,19:19:19 NPK
115,55,60,6.0,700,25,Wheat,19:19:19 NPK
120,55,60,6.0,700,25,Wheat,19:19:19 NPK
100,60,40,6.5,800,15,Wheat,19:19:19 NPK
105,60,40,6.5,800,15,Wheat,19:19:19 NPK
110,60,40,6.5,800,15,Wheat,19:19:19 NPK
115,60,40,6.5,800,15,Wheat,19:19:19 NPK
120,60,40,6.5,800,15,Wheat,19:19:19 NPK
100,40,50,7.0,900,20,Wheat,Urea
105,40,50,7.0,900,20,Wheat,Urea
110,40,50,7.0,900,20,Wheat,Urea
115,40,50,7.0,900,20,Wheat,Urea
120,40,50,7.0,900,20,Wheat,Urea
100,45,55,7.5,1000,25,Wheat,Urea
105,45,55,7.5,1000,25,Wheat,Urea
110,45,55,7.5,1000,25,Wheat,Urea
115,45,55,7.5,1000,25,Wheat,Urea
120,45,55,7.5,1000,25,Wheat,Urea
100,50,60,6.0,500,15,Wheat,Urea
105,50,60,6.0,500,15,Wheat,Urea
110,50,60,6.0,500,15,Wheat,Urea
115,50,60,6.0,500,15,Wheat,Urea
120,50,60,6.0,500,15,Wheat,Urea
100,55,40,6.5,600,20,Wheat,Urea
105,55,40,6.5,600,20,Wheat,Urea
110,55,40,6.5,600,20,Wheat,Urea
115,55,40,6.5,600,20,Wheat,Urea
120,55,40,6.5,600,20,Wheat,Urea
100,60,45,7.0,700,25,Wheat,Urea
105,60,45,7.0,700,25,Wheat,Urea
110,60,45,7.0,700,25,Wheat,Urea
115,60,45,7.0,700,25,Wheat,Urea
120,60,45,7.0,700,25,Wheat,Urea
100,40,55,7.5,800,15,Wheat,19:19:19 NPK
105,40,55,7.5,800,15,Wheat,19:19:19 NPK
110,40,55,7.5,800,15,Wheat,19:19:19 NPK
115,40,55,7.5,800,15,Wheat,19:19:19 NPK
120,40,55,7.5,800,15,Wheat,19:19:19 NPK
100,45,60,6.0,900,20,Wheat,19:19:19 NPK
105,45,60,6.0,900,20,Wheat,19:19:19 NPK
110,45,60,6.0,900,20,Wheat,19:19:19 NPK
115,45,60,6.0,900,20,Wheat,19:19:19 NPK
120,45,60,6.0,900,20,Wheat,19:19:19 NPK
100,50,40,6.5,1000,25,Wheat,19:19:19 NPK
105,50,40,6.5,1000,25,Wheat,19:19:19 NPK
110,50,40,6.5,1000,25,Wheat,19:19:19 NPK
115,50,40,6.5,1000,25,Wheat,19:19:19 NPK
120,50,40,6.5,1000,25,Wheat,19:19:19 NPK
100,55,45,7.0,500,15,Wheat,19:19:19 NPK
105,55,45,7.0,500,15,Wheat,19:19:19 NPK
110,55,45,7.0,500,15,Wheat,19:19:19 NPK
115,55,45,7.0,500,15,Wheat,19:19:19 NPK
120,55,45,7.0,500,15,Wheat,19:19:19 NPK
100,60,50,7.5,600,20,Wheat,19:19:19 NPK
105,60,50,7.5,600,20,Wheat,19:19:19 NPK
110,60,50,7.5,600,20,Wheat,19:19:19 NPK
115,60,50,7.5,600,20,Wheat,19:19:19 NPK
120,60,50,7.5,600,20,Wheat,19:19:19 NPK
100,40,60,6.0,700,25,Wheat,Urea
105,40,60,6.0,700,25,Wheat,Urea
110,40,60,6.0,700,25,Wheat,Urea
115,40,60,6.0,700,25,Wheat,Urea
120,40,60,6.0,700,25,Wheat,Urea
100,45,40,6.5,800,15,Wheat,Urea
105,45,40,6.5,800,15,Wheat,Urea
110,45,40,6.5,800,15,Wheat,Urea
115,45,40,6.5,800,15,Wheat,Urea
120,45,40,6.5,800,15,Wheat,Urea
100,50,45,7.0,900,20,Wheat,Urea
105,50,45,7.0,900,20,Wheat,Urea
110,50,45,7.0,900,20,Wheat,Urea
115,50,45,7.0,900,20,Wheat,Urea
120,50,45,7.0,900,20,Wheat,Urea
100,55,50,7.5,1000,25,Wheat,Urea
105,55,50,7.5,1000,25,Wheat,Urea
110,55,50,7.5,1000,25,Wheat,Urea
115,55,50,7.5,1000,25,Wheat,Urea
120,55,50,7.5,1000,25,Wheat,Urea
100,60,55,6.0,500,15,Wheat,Urea
105,60,55,6.0,500,15,Wheat,Urea
110,60,55,6.0,500,15,Wheat,Urea
115,60,55,6.0,500,15,Wheat,Urea
120,60,55,6.0,500,15,Wheat,Urea
60,40,40,6.0,500,15,Wheat,19:19:19 NPK
65,40,40,6.0,500,15,Wheat,19:19:19 NPK
70,40,40,6.0,500,15,Wheat,19:19:19 NPK
75,40,40,6.0,500,15,Wheat,19:19:19 NPK
80,40,40,6.0,500,15,Wheat,19:19:19 NPK
85,40,40,6.0,500,15,Wheat,19:19:19 NPK
90,40,40,6.0,500,15,Wheat,19:19:19 NPK
95,40,40,6.0,500,15,Wheat,19:19:19 NPK
100,40,40,6.0,500,15,Wheat,19:19:19 NPK
60,45,45,6.5,600,20,Wheat,19:19:19 NPK
65,45,45,6.5,600,20,Wheat,19:19:19 NPK
70,45,45,6.5,600,20,Wheat,19:19:19 NPK
75,45,45,6.5,600,20,Wheat,19:19:19 NPK
80,45,45,6.5,600,20,Wheat,19:19:19 NPK
85,45,45,6.5,600,20,Wheat,19:19:19 NPK
90,45,45,6.5,600,20,Wheat,19:19:19 NPK
95,45,45,6.5,600,20,Wheat,19:19:19 NPK
100,45,45,6.5,600,20,Wheat,19:19:19 NPK
60,55,55,7.0,700,25,Wheat,19:19:19 NPK
65,55,55,7.0,700,25,Wheat,19:19:19 NPK
70,55,55,7.0,700,25,Wheat,19:19:19 NPK
75,55,55,7.0,700,25,Wheat,19:19:19 NPK
80,55,55,7.0,700,25,Wheat,19:19:19 NPK
85,55,55,7.0,700,25,Wheat,19:19:19 NPK
90,55,55,7.0,700,25,Wheat,19:19:19 NPK
95,55,55,7.0,700,25,Wheat,Urea
100,55,55,7.0,700,25,Wheat,Urea
60,60,60,7.5,800,15,Wheat,Urea
65,60,60,7.5,800,15,Wheat,Urea
70,60,60,7.5,800,15,Wheat,Urea
75,60,60,7.5,800,15,Wheat,Urea
80,60,60,7.5,800,15,Wheat,Urea
85,60,60,7.5,800,15,Wheat,Urea
90,60,60,7.5,800,15,Wheat,Urea
95,60,60,7.5,800,15,Wheat,Urea
100,60,60,7.5,800,15,Wheat,Urea
60,40,45,6.0,900,20,Wheat,Urea
65,40,45,6.0,900,20,Wheat,Urea
70,40,45,6.0,900,20,Wheat,Urea
75,40,45,6.0,900,20,Wheat,Urea
80,40,45,6.0,900,20,Wheat,Urea
85,40,45,6.0,900,20,Wheat,Urea
90,40,45,6.0,900,20,Wheat,Urea
95,40,45,6.0,900,20,Wheat,Urea
100,40,45,6.0,900,20,Wheat,Urea
60,45,50,6.5,1000,25,Wheat,Urea
65,45,50,6.5,1000,25,Wheat,Urea
70,45,50,6.5,1000,25,Wheat,Urea
75,45,50,6.5,1000,25,Wheat,Urea
80,45,50,6.5,1000,25,Wheat,Urea
85,45,50,6.5,1000,25,Wheat,19:19:19 NPK
90,45,50,6.5,1000,25,Wheat,19:19:19 NPK
95,45,50,6.5,1000,25,Wheat,19:19:19 NPK
100,45,50,6.5,1000,25,Wheat,19:19:19 NPK
60,55,60,7.0,500,15,Wheat,19:19:19 NPK
65,55,60,7.0,500,15,Wheat,19:19:19 NPK
70,55,60,7.0,500,15,Wheat,19:19:19 NPK
75,55,60,7.0,500,15,Wheat,19:19:19 NPK
80,55,60,7.0,500,15,Wheat,19:19:19 NPK
85,55,60,7.0,500,15,Wheat,19:19:19 NPK
90,55,60,7.0,500,15,Wheat,19:19:19 NPK
95,55,60,7.0,500,15,Wheat,19:19:19 NPK
100,55,60,7.0,500,15,Wheat,19:19:19 NPK
60,40,50,7.5,600,20,Wheat,19:19:19 NPK
65,40,50,7.5,600,20,Wheat,19:19:19 NPK
70,40,50,7.5,600,20,Wheat,19:19:19 NPK
75,40,50,7.5,600,20,Wheat,19:19:19 NPK
80,40,50,7.5,600,20,Wheat,19:19:19 NPK
85,40,50,7.5,600,20,Wheat,19:19:19 NPK
90,40,50,7.5,600,20,Wheat,19:19:19 NPK
95,40,50,7.5,600,20,Wheat,19:19:19 NPK
100,40,50,7.5,600,20,Wheat,19:19:19 NPK
60,50,60,6.0,700,25,Wheat,19:19:19 NPK
65,50,60,6.0,700,25,Wheat,19:19:19 NPK
70,50,60,6.0,700,25,Wheat,19:19:19 NPK
75,50,60,6.0,700,25,Wheat,Urea
80,50,60,6.0,700,25,Wheat,Urea
85,50,60,6.0,700,25,Wheat,Urea
90,50,60,6.0,700,25,Wheat,Urea
95,50,60,6.0,700,25,Wheat,Urea
100,50,60,6.0,700,25,Wheat,Urea
60,55,40,6.5,800,15,Wheat,Urea
65,55,40,6.5,800,15,Wheat,Urea
70,55,40,6.5,800,15,Wheat,Urea
75,55,40,6.5,800,15,Wheat,Urea
80,55,40,6.5,800,15,Wheat,Urea
85,55,40,6.5,800,15,Wheat,Urea
90,55,40,6.5,800,15,Wheat,Urea
95,55,40,6.5,800,15,Wheat,Urea
100,55,40,6.5,800,15,Wheat,Urea
60,60,45,7.0,900,20,Wheat,Urea
65,60,45,7.0,900,20,Wheat,Urea
70,60,45,7.0,900,20,Wheat,Urea
75,60,45,7.0,900,20,Wheat,Urea
80,60,45,7.0,900,20,Wheat,Urea
85,60,45,7.0,900,20,Wheat,Urea
90,60,45,7.0,900,20,Wheat,Urea
95,60,45,7.0,900,20,Wheat,Urea
100,60,45,7.0,900,20,Wheat,Urea
60,40,55,7.5,1000,25,Wheat,Urea
65,40,55,7.5,1000,25,Wheat,19:19:19 NPK
70,40,55,7.5,1000,25,Wheat,19:19:19 NPK
75,40,55,7.5,1000,25,Wheat,19:19:19 NPK
80,40,55,7.5,1000,25,Wheat,19:19:19 NPK
85,40,55,7.5,1000,25,Wheat,19:19:19 NPK
90,40,55,7.5,1000,25,Wheat,19:19:19 NPK
95,40,55,7.5,1000,25,Wheat,19:19:19 NPK
100,40,55,7.5,1000,25,Wheat,19:19:19 NPK
60,45,60,6.0,500,15,Wheat,19:19:19 NPK
65,45,60,6.0,500,15,Wheat,19:19:19 NPK
70,45,60,6.0,500,15,Wheat,19:19:19 NPK
75,45,60,6.0,500,15,Wheat,19:19:19 NPK
80,45,60,6.0,500,15,Wheat,19:19:19 NPK
85,45,60,6.0,500,15,Wheat,19:19:19 NPK
90,45,60,6.0,500,15,Wheat,19:19:19 NPK
95,45,60,6.0,500,15,Wheat,19:19:19 NPK
100,45,60,6.0,500,15,Wheat,19:19:19 NPK
60,50,40,6.5,600,20,Wheat,19:19:19 NPK
65,50,40,6.5,600,20,Wheat,19:19:19 NPK
70,50,40,6.5,600,20,Wheat,19:19:19 NPK
75,50,40,6.5,600,20,Wheat,19:19:19 NPK
80,50,40,6.5,600,20,Wheat,19:19:19 NPK
85,50,40,6.5,600,20,Wheat,19:19:19 NPK
90,50,40,6.5,600,20,Wheat,19:19:19 NPK
95,50,40,6.5,600,20,Wheat,19:19:19 NPK
100,50,40,6.5,600,20,Wheat,Urea
60,55,45,7.0,700,25,Wheat,Urea
65,55,45,7.0,700,25,Wheat,Urea
70,55,45,7.0,700,25,Wheat,Urea
75,55,45,7.0,700,25,Wheat,Urea
80,55,45,7.0,700,25,Wheat,Urea
85,55,45,7.0,700,25,Wheat,Urea
90,55,45,7.0,700,25,Wheat,Urea
95,55,45,7.0,700,25,Wheat,Urea
100,55,45,7.0,700,25,Wheat,Urea
60,60,50,7.5,800,15,Wheat,Urea
65,60,50,7.5,800,15,Wheat,Urea
70,60,50,7.5,800,15,Wheat,Urea
75,60,50,7.5,800,15,Wheat,Urea
80,60,50,7.5,800,15,Wheat,Urea
85,60,50,7.5,800,15,Wheat,Urea
90,60,50,7.5,800,15,Wheat,Urea
95,60,50,7.5,800,15,Wheat,Urea
100,60,50,7.5,800,15,Wheat,Urea
60,40,60,6.0,900,20,Wheat,Urea
65,40,60,6.0,900,20,Wheat,Urea
70,40,60,6.0,900,20,Wheat,Urea
75,40,60,6.0,900,20,Wheat,Urea
80,40,60,6.0,900,20,Wheat,Urea
85,40,60,6.0,900,20,Wheat,Urea
90,40,60,6.0,900,20,Wheat,19:19:19 NPK
95,40,60,6.0,900,20,Wheat,19:19:19 NPK
100,40,60,6.0,900,20,Wheat,19:19:19 NPK
60,45,40,6.5,1000,25,Wheat,19:19:19 NPK
65,45,40,6.5,1000,25,Wheat,19:19:19 NPK
70,45,40,6.5,1000,25,Wheat,19:19:19 NPK
75,45,40,6.5,1000,25,Wheat,19:19:19 NPK
80,45,40,6.5,1000,25,Wheat,19:19:19 NPK
85,45,40,6.5,1000,25,Wheat,19:19:19 NPK
90,45,40,6.5,1000,25,Wheat,19:19:19 NPK
95,45,40,6.5,1000,25,Wheat,19:19:19 NPK
100,45,40,6.5,1000,25,Wheat,19:19:19 NPK
60,50,45,7.0,500,15,Wheat,19:19:19 NPK
65,50,45,7.0,500,15,Wheat,19:19:19 NPK
70,50,45,7.0,500,15,Wheat,19:19:19 NPK
75,50,45,7.0,500,15,Wheat,19:19:19 NPK
80,50,45,7.0,500,15,Wheat,19:19:19 NPK
85,50,45,7.0,500,15,Wheat,19:19:19 NPK
90,50,45,7.0,500,15,Wheat,19:19:19 NPK
95,50,45,7.0,500,15,Wheat,19:19:19 NPK
100,50,45,7.0,500,15,Wheat,19:19:19 NPK
60,55,50,7.5,600,20,Wheat,19:19:19 NPK
65,55,50,7.5,600,20,Wheat,19:19:19 NPK
70,55,50,7.5,600,20,Wheat,19:19:19 NPK
75,55,50,7.5,600,20,Wheat,19:19:19 NPK
80,55,50,7.5,600,20,Wheat,Urea
85,55,50,7.5,600,20,Wheat,Urea
90,55,50,7.5,600,20,Wheat,Urea
95,55,50,7.5,600,20,Wheat,Urea
100,55,50,7.5,600,20,Wheat,Urea
60,60,55,6.0,700,25,Wheat,Urea
65,60,55,6.0,700,25,Wheat,Urea
70,60,55,6.0,700,25,Wheat,Urea
75,60,55,6.0,700,25,Wheat,Urea
80,60,55,6.0,700,25,Wheat,Urea
85,60,55,6.0,700,25,Wheat,Urea
90,60,55,6.0,700,25,Wheat,Urea
95,60,55,6.0,700,25,Wheat,Urea
100,60,55,6.0,700,25,Wheat,Urea
60,40,40,6.0,500,15,Wheat,19:19:19 NPK
65,40,40,6.0,500,15,Wheat,19:19:19 NPK
70,40,40,6.0,500,15,Wheat,19:19:19 NPK
75,40,40,6.0,500,15,Wheat,19:19:19 NPK
80,40,40,6.0,500,15,Wheat,19:19:19 NPK
60,45,45,6.5,600,20,Wheat,19:19:19 NPK
65,45,45,6.5,600,20,Wheat,19:19:19 NPK
70,45,45,6.5,600,20,Wheat,19:19:19 NPK
75,45,45,6.5,600,20,Wheat,19:19:19 NPK
80,45,45,6.5,600,20,Wheat,19:19:19 NPK
60,50,50,7.0,500,25,Wheat,19:19:19 NPK
65,50,50,7.0,500,25,Wheat,19:19:19 NPK
70,50,50,7.0,500,25,Wheat,19:19:19 NPK
75,50,50,7.0,500,25,Wheat,19:19:19 NPK
80,50,50,7.0,500,25,Wheat,19:19:19 NPK
60,55,55,7.5,600,30,Wheat,19:19:19 NPK
65,55,55,7.5,600,30,Wheat,19:19:19 NPK
70,55,55,7.5,600,30,Wheat,19:19:19 NPK
75,55,55,7.5,600,30,Wheat,19:19:19 NPK
80,55,55,7.5,600,30,Wheat,19:19:19 NPK
60,60,60,6.0,500,15,Wheat,19:19:19 NPK
65,60,60,6.0,500,15,Wheat,19:19:19 NPK
70,60,60,6.0,500,15,Wheat,19:19:19 NPK
75,60,60,6.0,500,15,Wheat,19:19:19 NPK
80,60,60,6.0,500,15,Wheat,19:19:19 NPK
60,40,45,6.5,600,20,Wheat,Urea
65,40,45,6.5,600,20,Wheat,Urea
70,40,45,6.5,600,20,Wheat,Urea
75,40,45,6.5,600,20,Wheat,Urea
80,40,45,6.5,600,20,Wheat,Urea
60,45,50,7.0,500,25,Wheat,Urea
65,45,50,7.0,500,25,Wheat,Urea
70,45,50,7.0,500,25,Wheat,Urea
75,45,50,7.0,500,25,Wheat,Urea
80,45,50,7.0,500,25,Wheat,Urea
60,50,55,7.5,600,30,Wheat,Urea
65,50,55,7.5,600,30,Wheat,Urea
70,50,55,7.5,600,30,Wheat,Urea
75,50,55,7.5,600,30,Wheat,Urea
80,50,55,7.5,600,30,Wheat,Urea
60,55,60,6.0,500,15,Wheat,Urea
65,55,60,6.0,500,15,Wheat,Urea
70,55,60,6.0,500,15,Wheat,Urea
75,55,60,6.0,500,15,Wheat,Urea
80,55,60,6.0,500,15,Wheat,Urea
60,60,40,6.5,600,20,Wheat,Urea
65,60,40,6.5,600,20,Wheat,Urea
70,60,40,6.5,600,20,Wheat,Urea
75,60,40,6.5,600,20,Wheat,Urea
80,60,40,6.5,600,20,Wheat,Urea
60,40,50,7.0,500,25,Wheat,19:19:19 NPK
65,40,50,7.0,500,25,Wheat,19:19:19 NPK
70,40,50,7.0,500,25,Wheat,19:19:19 NPK
75,40,50,7.0,500,25,Wheat,19:19:19 NPK
80,40,50,7.0,500,25,Wheat,19:19:19 NPK
60,45,55,7.5,600,30,Wheat,19:19:19 NPK
65,45,55,7.5,600,30,Wheat,19:19:19 NPK
70,45,55,7.5,600,30,Wheat,19:19:19 NPK
75,45,55,7.5,600,30,Wheat,19:19:19 NPK
80,45,55,7.5,600,30,Wheat,19:19:19 NPK
60,50,60,6.0,500,15,Wheat,19:19:19 NPK
65,50,60,6.0,500,15,Wheat,19:19:19 NPK
70,50,60,6.0,500,15,Wheat,19:19:19 NPK
75,50,60,6.0,500,15,Wheat,19:19:19 NPK
80,50,60,6.0,500,15,Wheat,19:19:19 NPK
60,55,40,6.5,600,20,Wheat,19:19:19 NPK
65,55,40,6.5,600,20,Wheat,19:19:19 NPK
70,55,40,6.5,600,20,Wheat,19:19:19 NPK
75,55,40,6.5,600,20,Wheat,19:19:19 NPK
80,55,40,6.5,600,20,Wheat,19:19:19 NPK
60,60,45,7.0,500,25,Wheat,19:19:19 NPK
65,60,45,7.0,500,25,Wheat,19:19:19 NPK
70,60,45,7.0,500,25,Wheat,19:19:19 NPK
75,60,45,7.0,500,25,Wheat,19:19:19 NPK
80,60,45,7.0,500,25,Wheat,19:19:19 NPK
60,40,55,7.5,600,30,Wheat,Urea
65,40,55,7.5,600,30,Wheat,Urea
70,40,55,7.5,600,30,Wheat,Urea
75,40,55,7.5,600,30,Wheat,Urea
80,40,55,7.5,600,30,Wheat,Urea
60,45,60,6.0,500,15,Wheat,Urea
65,45,60,6.0,500,15,Wheat,Urea
70,45,60,6.0,500,15,Wheat,Urea
75,45,60,6.0,500,15,Wheat,Urea
80,45,60,6.0,500,15,Wheat,Urea
60,50,40,6.5,600,20,Wheat,Urea
65,50,40,6.5,600,20,Wheat,Urea
70,50,40,6.5,600,20,Wheat,Urea
75,50,40,6.5,600,20,Wheat,Urea
80,50,40,6.5,600,20,Wheat,Urea
60,55,45,7.0,500,25,Wheat,Urea
65,55,45,7.0,500,25,Wheat,Urea
70,55,45,7.0,500,25,Wheat,Urea
75,55,45,7.0,500,25,Wheat,Urea
80,55,45,7.0,500,25,Wheat,Urea
60,60,50,7.5,600,30,Wheat,Urea
65,60,50,7.5,600,30,Wheat,Urea
70,60,50,7.5,600,30,Wheat,Urea
75,60,50,7.5,600,30,Wheat,Urea
80,60,50,7.5,600,30,Wheat,Urea
60,40,60,6.0,500,15,Wheat,19:19:19 NPK
65,40,60,6.0,500,15,Wheat,19:19:19 NPK
70,40,60,6.0,500,15,Wheat,19:19:19 NPK
75,40,60,6.0,500,15,Wheat,19:19:19 NPK
80,40,60,6.0,500,15,Wheat,19:19:19 NPK
60,45,40,6.5,600,20,Wheat,19:19:19 NPK
65,45,40,6.5,600,20,Wheat,19:19:19 NPK
70,45,40,6.5,600,20,Wheat,19:19:19 NPK
75,45,40,6.5,600,20,Wheat,19:19:19 NPK
80,45,40,6.5,600,20,Wheat,19:19:19 NPK
60,50,45,7.0,500,25,Wheat,19:19:19 NPK
65,50,45,7.0,500,25,Wheat,19:19:19 NPK
70,50,45,7.0,500,25,Wheat,19:19:19 NPK
75,50,45,7.0,500,25,Wheat,19:19:19 NPK
80,50,45,7.0,500,25,Wheat,19:19:19 NPK
60,55,50,7.5,600,30,Wheat,19:19:19 NPK
65,55,50,7.5,600,30,Wheat,19:19:19 NPK
70,55,50,7.5,600,30,Wheat,19:19:19 NPK
75,55,50,7.5,600,30,Wheat,19:19:19 NPK
80,55,50,7.5,600,30,Wheat,19:19:19 NPK
60,60,55,6.0,500,15,Wheat,19:19:19 NPK
65,60,55,6.0,500,15,Wheat,19:19:19 NPK
70,60,55,6.0,500,15,Wheat,19:19:19 NPK
75,60,55,6.0,500,15,Wheat,19:19:19 NPK
80,60,55,6.0,500,15,Wheat,19:19:19 NPK
60,40,40,6.0,500,15,Wheat,19:19:19 NPK
65,40,40,6.0,500,15,Wheat,19:19:19 NPK
70,40,40,6.0,500,15,Wheat,19:19:19 NPK
75,40,40,6.0,500,15,Wheat,19:19:19 NPK
80,40,40,6.0,500,15,Wheat,19:19:19 NPK
60,45,45,6.5,600,20,Wheat,19:19:19 NPK
65,45,45,6.5,600,20,Wheat,19:19:19 NPK
70,45,45,6.5,600,20,Wheat,19:19:19 NPK
75,45,45,6.5,600,20,Wheat,19:19:19 NPK
80,45,45,6.5,600,20,Wheat,19:19:19 NPK
60,50,50,7.0,700,25,Wheat,19:19:19 NPK
65,50,50,7.0,700,25,Wheat,19:19:19 NPK
70,50,50,7.0,700,25,Wheat,19:19:19 NPK
75,50,50,7.0,700,25,Wheat,19:19:19 NPK
80,50,50,7.0,700,25,Wheat,19:19:19 NPK
60,55,55,7.5,500,15,Wheat,19:19:19 NPK
65,55,55,7.5,500,15,Wheat,19:19:19 NPK
70,55,55,7.5,500,15,Wheat,19:19:19 NPK
75,55,55,7.5,500,15,Wheat,19:19:19 NPK
80,55,55,7.5,500,15,Wheat,19:19:19 NPK
60,60,60,6.0,600,20,Wheat,19:19:19 NPK
65,60,60,6.0,600,20,Wheat,19:19:19 NPK
70,60,60,6.0,600,20,Wheat,19:19:19 NPK
75,60,60,6.0,600,20,Wheat,19:19:19 NPK
80,60,60,6.0,600,20,Wheat,19:19:19 NPK
60,40,45,6.5,700,25,Wheat,Urea
65,40,45,6.5,700,25,Wheat,Urea
70,40,45,6.5,700,25,Wheat,Urea
75,40,45,6.5,700,25,Wheat,Urea
80,40,45,6.5,700,25,Wheat,Urea
60,45,50,7.0,500,15,Wheat,Urea
65,45,50,7.0,500,15,Wheat,Urea
70,45,50,7.0,500,15,Wheat,Urea
75,45,50,7.0,500,15,Wheat,Urea
80,45,50,7.0,500,15,Wheat,Urea
60,50,55,7.5,600,20,Wheat,Urea
65,50,55,7.5,600,20,Wheat,Urea
70,50,55,7.5,600,20,Wheat,Urea
75,50,55,7.5,600,20,Wheat,Urea
80,50,55,7.5,600,20,Wheat,Urea
60,55,60,6.0,700,25,Wheat,Urea
65,55,60,6.0,700,25,Wheat,Urea
70,55,60,6.0,700,25,Wheat,Urea
75,55,60,6.0,700,25,Wheat,Urea
80,55,60,6.0,700,25,Wheat,Urea
60,60,40,6.5,500,15,Wheat,Urea
65,60,40,6.5,500,15,Wheat,Urea
70,60,40,6.5,500,15,Wheat,Urea
75,60,40,6.5,500,15,Wheat,Urea
80,60,40,6.5,500,15,Wheat,Urea
60,40,50,7.0,600,20,Wheat,19:19:19 NPK
65,40,50,7.0,600,20,Wheat,19:19:19 NPK
70,40,50,7.0,600,20,Wheat,19:19:19 NPK
75,40,50,7.0,600,20,Wheat,19:19:19 NPK
80,40,50,7.0,600,20,Wheat,19:19:19 NPK
60,45,55,7.5,700,25,Wheat,19:19:19 NPK
65,45,55,7.5,700,25,Wheat,19:19:19 NPK
70,45,55,7.5,700,25,Wheat,19:19:19 NPK
75,45,55,7.5,700,25,Wheat,19:19:19 NPK
80,45,55,7.5,700,25,Wheat,19:19:19 NPK
60,50,60,6.0,500,15,Wheat,19:19:19 NPK
65,50,60,6.0,500,15,Wheat,19:19:19 NPK
70,50,60,6.0,500,15,Wheat,19:19:19 NPK
75,50,60,6.0,500,15,Wheat,19:19:19 NPK
80,50,60,6.0,500,15,Wheat,19:19:19 NPK
60,55,40,6.5,600,20,Wheat,19:19:19 NPK
65,55,40,6.5,600,20,Wheat,19:19:19 NPK
70,55,40,6.5,600,20,Wheat,19:19:19 NPK
75,55,40,6.5,600,20,Wheat,19:19:19 NPK
80,55,40,6.5,600,20,Wheat,19:19:19 NPK
60,60,45,7.0,700,25,Wheat,19:19:19 NPK
65,60,45,7.0,700,25,Wheat,19:19:19 NPK
70,60,45,7.0,700,25,Wheat,19:19:19 NPK
75,60,45,7.0,700,25,Wheat,19:19:19 NPK
80,60,45,7.0,700,25,Wheat,19:19:19 NPK
60,40,55,7.5,500,15,Wheat,Urea
65,40,55,7.5,500,15,Wheat,Urea
70,40,55,7.5,500,15,Wheat,Urea
75,40,55,7.5,500,15,Wheat,Urea
80,40,55,7.5,500,15,Wheat,Urea
60,45,60,6.0,600,20,Wheat,Urea
65,45,60,6.0,600,20,Wheat,Urea
70,45,60,6.0,600,20,Wheat,Urea
75,45,60,6.0,600,20,Wheat,Urea
80,45,60,6.0,600,20,Wheat,Urea
60,50,40,6.5,700,25,Wheat,Urea
65,50,40,6.5,700,25,Wheat,Urea
70,50,40,6.5,700,25,Wheat,Urea
75,50,40,6.5,700,25,Wheat,Urea
80,50,40,6.5,700,25,Wheat,Urea
60,55,45,7.0,500,15,Wheat,Urea
65,55,45,7.0,500,15,Wheat,Urea
70,55,45,7.0,500,15,Wheat,Urea
75,55,45,7.0,500,15,Wheat,Urea
80,55,45,7.0,500,15,Wheat,Urea
60,60,50,7.5,600,20,Wheat,Urea
65,60,50,7.5,600,20,Wheat,Urea
70,60,50,7.5,600,20,Wheat,Urea
75,60,50,7.5,600,20,Wheat,Urea
80,60,50,7.5,600,20,Wheat,Urea
60,40,60,6.0,700,25,Wheat,19:19:19 NPK
65,40,60,6.0,700,25,Wheat,19:19:19 NPK
70,40,60,6.0,700,25,Wheat,19:19:19 NPK
75,40,60,6.0,700,25,Wheat,19:19:19 NPK
80,40,60,6.0,700,25,Wheat,19:19:19 NPK
60,45,40,6.5,500,15,Wheat,19:19:19 NPK
65,45,40,6.5,500,15,Wheat,19:19:19 NPK
70,45,40,6.5,500,15,Wheat,19:19:19 NPK
75,45,40,6.5,500,15,Wheat,19:19:19 NPK
80,45,40,6.5,500,15,Wheat,19:19:19 NPK
60,50,45,7.0,600,20,Wheat,19:19:19 NPK
65,50,45,7.0,600,20,Wheat,19:19:19 NPK
70,50,45,7.0,600,20,Wheat,19:19:19 NPK
75,50,45,7.0,600,20,Wheat,19:19:19 NPK
80,50,45,7.0,600,20,Wheat,19:19:19 NPK
60,55,50,7.5,700,25,Wheat,19:19:19 NPK
65,55,50,7.5,700,25,Wheat,19:19:19 NPK
70,55,50,7.5,700,25,Wheat,19:19:19 NPK
75,55,50,7.5,700,25,Wheat,19:19:19 NPK
80,55,50,7.5,700,25,Wheat,19:19:19 NPK
60,60,55,6.0,500,15,Wheat,19:19:19 NPK
65,60,55,6.0,500,15,Wheat,19:19:19 NPK
70,60,55,6.0,500,15,Wheat,19:19:19 NPK
75,60,55,6.0,500,15,Wheat,19:19:19 NPK
80,60,55,6.0,500,15,Wheat,19:19:19 NPK
100,40,40,6.0,800,15,Wheat,19:19:19 NPK
105,40,40,6.0,800,15,Wheat,19:19:19 NPK
110,40,40,6.0,800,15,Wheat,19:19:19 NPK
115,40,40,6.0,800,15,Wheat,19:19:19 NPK
120,40,40,6.0,800,15,Wheat,19:19:19 NPK
100,45,45,6.5,900,20,Wheat,19:19:19 NPK
105,45,45,6.5,900,20,Wheat,19:19:19 NPK
110,45,45,6.5,900,20,Wheat,19:19:19 NPK
115,45,45,6.5,900,20,Wheat,19:19:19 NPK
120,45,45,6.5,900,20,Wheat,19:19:19 NPK
100,50,50,7.0,800,25,Wheat,19:19:19 NPK
105,50,50,7.0,800,25,Wheat,19:19:19 NPK
110,50,50,7.0,800,25,Wheat,19:19:19 NPK
115,50,50,7.0,800,25,Wheat,19:19:19 NPK
120,50,50,7.0,800,25,Wheat,19:19:19 NPK
100,55,55,7.5,900,15,Wheat,19:19:19 NPK
105,55,55,7.5,900,15,Wheat,19:19:19 NPK
110,55,55,7.5,900,15,Wheat,19:19:19 NPK
115,55,55,7.5,900,15,Wheat,19:19:19 NPK
120,55,55,7.5,900,15,Wheat,19:19:19 NPK
100,60,60,6.0,800,20,Wheat,19:19:19 NPK
105,60,60,6.0,800,20,Wheat,19:19:19 NPK
110,60,60,6.0,800,20,Wheat,19:19:19 NPK
115,60,60,6.0,800,20,Wheat,19:19:19 NPK
120,60,60,6.0,800,20,Wheat,19:19:19 NPK
100,40,45,6.5,900,25,Wheat,Urea
105,40,45,6.5,900,25,Wheat,Urea
110,40,45,6.5,900,25,Wheat,Urea
115,40,45,6.5,900,25,Wheat,Urea
120,40,45,6.5,900,25,Wheat,Urea
100,45,50,7.0,800,15,Wheat,Urea
105,45,50,7.0,800,15,Wheat,Urea
110,45,50,7.0,800,15,Wheat,Urea
115,45,50,7.0,800,15,Wheat,Urea
120,45,50,7.0,800,15,Wheat,Urea
100,50,55,7.5,900,20,Wheat,Urea
105,50,55,7.5,900,20,Wheat,Urea
110,50,55,7.5,900,20,Wheat,Urea
115,50,55,7.5,900,20,Wheat,Urea
120,50,55,7.5,900,20,Wheat,Urea
100,55,60,6.0,800,25,Wheat,Urea
105,55,60,6.0,800,25,Wheat,Urea
110,55,60,6.0,800,25,Wheat,Urea
115,55,60,6.0,800,25,Wheat,Urea
120,55,60,6.0,800,25,Wheat,Urea
100,60,40,6.5,900,15,Wheat,Urea
105,60,40,6.5,900,15,Wheat,Urea
110,60,40,6.5,900,15,Wheat,Urea
115,60,40,6.5,900,15,Wheat,Urea
120,60,40,6.5,900,15,Wheat,Urea
100,40,50,7.0,800,15,Wheat,19:19:19 NPK
105,40,50,7.0,800,15,Wheat,19:19:19 NPK
110,40,50,7.0,800,15,Wheat,19:19:19 NPK
115,40,50,7.0,800,15,Wheat,19:19:19 NPK
120,40,50,7.0,800,15,Wheat,19:19:19 NPK
100,45,55,7.5,900,20,Wheat,19:19:19 NPK
105,45,55,7.5,900,20,Wheat,19:19:19 NPK
110,45,55,7.5,900,20,Wheat,19:19:19 NPK
115,45,55,7.5,900,20,Wheat,19:19:19 NPK
120,45,55,7.5,900,20,Wheat,19:19:19 NPK
100,50,60,6.0,800,25,Wheat,19:19:19 NPK
105,50,60,6.0,800,25,Wheat,19:19:19 NPK
110,50,60,6.0,800,25,Wheat,19:19:19 NPK
115,50,60,6.0,800,25,Wheat,19:19:19 NPK
120,50,60,6.0,800,25,Wheat,19:19:19 NPK
100,55,40,6.5,900,15,Wheat,19:19:19 NPK
105,55,40,6.5,900,15,Wheat,19:19:19 NPK
110,55,40,6.5,900,15,Wheat,19:19:19 NPK
115,55,40,6.5,900,15,Wheat,19:19:19 NPK
120,55,40,6.5,900,15,Wheat,19:19:19 NPK
100,60,45,7.0,800,20,Wheat,19:19:19 NPK
105,60,45,7.0,800,20,Wheat,19:19:19 NPK
110,60,45,7.0,800,20,Wheat,19:19:19 NPK
115,60,45,7.0,800,20,Wheat,19:19:19 NPK
120,60,45,7.0,800,20,Wheat,19:19:19 NPK
100,40,55,7.5,900,25,Wheat,Urea
105,40,55,7.5,900,25,Wheat,Urea
110,40,55,7.5,900,25,Wheat,Urea
115,40,55,7.5,900,25,Wheat,Urea
120,40,55,7.5,900,25,Wheat,Urea
100,45,60,6.0,800,15,Wheat,Urea
105,45,60,6.0,800,15,Wheat,Urea
110,45,60,6.0,800,15,Wheat,Urea
115,45,60,6.0,800,15,Wheat,Urea
120,45,60,6.0,800,15,Wheat,Urea
100,50,40,6.5,900,20,Wheat,Urea
105,50,40,6.5,900,20,Wheat,Urea
110,50,40,6.5,900,20,Wheat,Urea
115,50,40,6.5,900,20,Wheat,Urea
120,50,40,6.5,900,20,Wheat,Urea
100,55,45,7.0,800,25,Wheat,Urea
105,55,45,7.0,800,25,Wheat,Urea
110,55,45,7.0,800,25,Wheat,Urea
115,55,45,7.0,800,25,Wheat,Urea
120,55,45,7.0,800,25,Wheat,Urea
100,60,50,7.5,900,15,Wheat,Urea
105,60,50,7.5,900,15,Wheat,Urea
110,60,50,7.5,900,15,Wheat,Urea
115,60,50,7.5,900,15,Wheat,Urea
120,60,50,7.5,900,15,Wheat,Urea
100,40,60,6.0,800,15,Wheat,19:19:19 NPK
105,40,60,6.0,800,15,Wheat,19:19:19 NPK
110,40,60,6.0,800,15,Wheat,19:19:19 NPK
115,40,60,6.0,800,15,Wheat,19:19:19 NPK
120,40,60,6.0,800,15,Wheat,19:19:19 NPK
100,45,40,6.5,900,20,Wheat,19:19:19 NPK
105,45,40,6.5,900,20,Wheat,19:19:19 NPK
110,45,40,6.5,900,20,Wheat,19:19:19 NPK
115,45,40,6.5,900,20,Wheat,19:19:19 NPK
120,45,40,6.5,900,20,Wheat,19:19:19 NPK
100,50,45,7.0,800,25,Wheat,19:19:19 NPK
105,50,45,7.0,800,25,Wheat,19:19:19 NPK
110,50,45,7.0,800,25,Wheat,19:19:19 NPK
115,50,45,7.0,800,25,Wheat,19:19:19 NPK
120,50,45,7.0,800,25,Wheat,19:19:19 NPK
100,55,50,7.5,900,15,Wheat,19:19:19 NPK
105,55,50,7.5,900,15,Wheat,19:19:19 NPK
110,55,50,7.5,900,15,Wheat,19:19:19 NPK
115,55,50,7.5,900,15,Wheat,19:19:19 NPK
120,55,50,7.5,900,15,Wheat,19:19:19 NPK
100,60,55,6.0,800,20,Wheat,19:19:19 NPK
105,60,55,6.0,800,20,Wheat,19:19:19 NPK
110,60,55,6.0,800,20,Wheat,19:19:19 NPK
115,60,55,6.0,800,20,Wheat,19:19:19 NPK
120,60,55,6.0,800,20,Wheat,19:19:19 NPK
100,50,40,6.5,700,15,Wheat,19:19:19 NPK
105,50,40,6.5,700,15,Wheat,19:19:19 NPK
110,50,40,6.5,700,15,Wheat,19:19:19 NPK
115,50,40,6.5,700,15,Wheat,19:19:19 NPK
120,50,40,6.5,700,15,Wheat,19:19:19 NPK
100,55,45,7.0,800,20,Wheat,19:19:19 NPK
105,55,45,7.0,800,20,Wheat,19:19:19 NPK
110,55,45,7.0,800,20,Wheat,19:19:19 NPK
115,55,45,7.0,800,20,Wheat,19:19:19 NPK
120,55,45,7.0,800,20,Wheat,19:19:19 NPK
100,60,50,7.5,900,15,Wheat,19:19:19 NPK
105,60,50,7.5,900,15,Wheat,19:19:19 NPK
110,60,50,7.5,900,15,Wheat,19:19:19 NPK
115,60,50,7.5,900,15,Wheat,19:19:19 NPK
120,60,50,7.5,900,15,Wheat,19:19:19 NPK
100,50,45,6.5,700,20,Wheat,Urea
105,50,45,6.5,700,20,Wheat,Urea
110,50,45,6.5,700,20,Wheat,Urea
115,50,45,6.5,700,20,Wheat,Urea
120,50,45,6.5,700,20,Wheat,Urea
100,55,50,7.0,800,15,Wheat,Urea
105,55,50,7.0,800,15,Wheat,Urea
110,55,50,7.0,800,15,Wheat,Urea
115,55,50,7.0,800,15,Wheat,Urea
120,55,50,7.0,800,15,Wheat,Urea
100,60,40,7.5,900,20,Wheat,Urea
105,60,40,7.5,900,20,Wheat,Urea
110,60,40,7.5,900,20,Wheat,Urea
115,60,40,7.5,900,20,Wheat,Urea
120,60,40,7.5,900,20,Wheat,Urea
100,50,50,6.5,700,15,Wheat,19:19:19 NPK
105,50,50,6.5,700,15,Wheat,19:19:19 NPK
110,50,50,6.5,700,15,Wheat,19:19:19 NPK
115,50,50,6.5,700,15,Wheat,19:19:19 NPK
120,50,50,6.5,700,15,Wheat,19:19:19 NPK
100,55,40,7.0,800,20,Wheat,19:19:19 NPK
105,55,40,7.0,800,20,Wheat,19:19:19 NPK
110,55,40,7.0,800,20,Wheat,19:19:19 NPK
115,55,40,7.0,800,20,Wheat,19:19:19 NPK
120,55,40,7.0,800,20,Wheat,19:19:19 NPK
100,60,45,7.5,900,15,Wheat,19:19:19 NPK
105,60,45,7.5,900,15,Wheat,19:19:19 NPK
110,60,45,7.5,900,15,Wheat,19:19:19 NPK
115,60,45,7.5,900,15,Wheat,19:19:19 NPK
120,60,45,7.5,900,15,Wheat,19:19:19 NPK
120,60,40,6.0,500,20,Maize,Urea
125,60,40,6.0,500,20,Maize,Urea
130,60,40,6.0,500,20,Maize,Urea
135,60,40,6.0,500,20,Maize,Urea
140,60,40,6.0,500,20,Maize,Urea
145,60,40,6.0,500,20,Maize,Urea
150,60,40,6.0,500,20,Maize,Urea
120,65,45,6.5,600,25,Maize,Urea
125,65,45,6.5,600,25,Maize,Urea
130,65,45,6.5,600,25,Maize,Urea
135,65,45,6.5,600,25,Maize,Urea
140,65,45,6.5,600,25,Maize,Urea
145,65,45,6.5,600,25,Maize,Urea
150,65,45,6.5,600,25,Maize,Urea
120,70,50,7.0,700,30,Maize,Urea
125,70,50,7.0,700,30,Maize,Urea
130,70,50,7.0,700,30,Maize,Urea
135,70,50,7.0,700,30,Maize,Urea
140,70,50,7.0,700,30,Maize,Urea
145,70,50,7.0,700,30,Maize,Urea
150,70,50,7.0,700,30,Maize,Urea
120,75,55,7.5,500,20,Maize,Urea
125,75,55,7.5,500,20,Maize,Urea
130,75,55,7.5,500,20,Maize,Urea
135,75,55,7.5,500,20,Maize,Urea
140,75,55,7.5,500,20,Maize,Urea
145,75,55,7.5,500,20,Maize,Urea
150,75,55,7.5,500,20,Maize,Urea
120,80,60,6.0,600,25,Maize,Urea
125,80,60,6.0,600,25,Maize,Urea
130,80,60,6.0,600,25,Maize,Urea
135,80,60,6.0,600,25,Maize,Urea
140,80,60,6.0,600,25,Maize,Urea
145,80,60,6.0,600,25,Maize,Urea
150,80,60,6.0,600,25,Maize,Urea
120,60,45,6.5,700,30,Maize,SSP
125,60,45,6.5,700,30,Maize,SSP
130,60,45,6.5,700,30,Maize,SSP
135,60,45,6.5,700,30,Maize,SSP
140,60,45,6.5,700,30,Maize,SSP
145,60,45,6.5,700,30,Maize,SSP
150,60,45,6.5,700,30,Maize,SSP
120,65,50,7.0,500,20,Maize,SSP
125,65,50,7.0,500,20,Maize,SSP
130,65,50,7.0,500,20,Maize,SSP
135,65,50,7.0,500,20,Maize,SSP
140,65,50,7.0,500,20,Maize,SSP
145,65,50,7.0,500,20,Maize,SSP
150,65,50,7.0,500,20,Maize,SSP
120,70,55,7.5,600,25,Maize,SSP
125,70,55,7.5,600,25,Maize,SSP
130,70,55,7.5,600,25,Maize,SSP
135,70,55,7.5,600,25,Maize,SSP
140,70,55,7.5,600,25,Maize,SSP
145,70,55,7.5,600,25,Maize,SSP
150,70,55,7.5,600,25,Maize,SSP
120,75,60,6.0,700,30,Maize,SSP
125,75,60,6.0,700,30,Maize,SSP
130,75,60,6.0,700,30,Maize,SSP
135,75,60,6.0,700,30,Maize,SSP
140,75,60,6.0,700,30,Maize,SSP
145,75,60,6.0,700,30,Maize,SSP
150,75,60,6.0,700,30,Maize,SSP
120,80,40,6.5,500,20,Maize,SSP
125,80,40,6.5,500,20,Maize,SSP
130,80,40,6.5,500,20,Maize,SSP
135,80,40,6.5,500,20,Maize,SSP
140,80,40,6.5,500,20,Maize,SSP
145,80,40,6.5,500,20,Maize,SSP
150,80,40,6.5,500,20,Maize,SSP
120,60,50,7.0,600,25,Maize,MOP
125,60,50,7.0,600,25,Maize,MOP
130,60,50,7.0,600,25,Maize,MOP
135,60,50,7.0,600,25,Maize,MOP
140,60,50,7.0,600,25,Maize,MOP
145,60,50,7.0,600,25,Maize,MOP
150,60,50,7.0,600,25,Maize,MOP
120,65,55,7.5,700,30,Maize,MOP
125,65,55,7.5,700,30,Maize,MOP
130,65,55,7.5,700,30,Maize,MOP
135,65,55,7.5,700,30,Maize,MOP
140,65,55,7.5,700,30,Maize,MOP
145,65,55,7.5,700,30,Maize,MOP
150,65,55,7.5,700,30,Maize,MOP
120,70,60,6.0,500,20,Maize,MOP
125,70,60,6.0,500,20,Maize,MOP
130,70,60,6.0,500,20,Maize,MOP
135,70,60,6.0,500,20,Maize,MOP
140,70,60,6.0,500,20,Maize,MOP
145,70,60,6.0,500,20,Maize,MOP
150,70,60,6.0,500,20,Maize,MOP
120,75,40,6.5,600,25,Maize,MOP
125,75,40,6.5,600,25,Maize,MOP
130,75,40,6.5,600,25,Maize,MOP
135,75,40,6.5,600,25,Maize,MOP
140,75,40,6.5,600,25,Maize,MOP
145,75,40,6.5,600,25,Maize,MOP
150,75,40,6.5,600,25,Maize,MOP
120,80,45,7.0,700,30,Maize,MOP
125,80,45,7.0,700,30,Maize,MOP
130,80,45,7.0,700,30,Maize,MOP
135,80,45,7.0,700,30,Maize,MOP
140,80,45,7.0,700,30,Maize,MOP
145,80,45,7.0,700,30,Maize,MOP
150,80,45,7.0,700,30,Maize,MOP
120,60,55,7.5,500,20,Maize,Urea
125,60,55,7.5,500,20,Maize,Urea
130,60,55,7.5,500,20,Maize,Urea
135,60,55,7.5,500,20,Maize,Urea
140,60,55,7.5,500,20,Maize,Urea
145,60,55,7.5,500,20,Maize,Urea
150,60,55,7.5,500,20,Maize,Urea
120,65,60,6.0,600,25,Maize,Urea
125,65,60,6.0,600,25,Maize,Urea
130,65,60,6.0,600,25,Maize,Urea
135,65,60,6.0,600,25,Maize,Urea
140,65,60,6.0,600,25,Maize,Urea
145,65,60,6.0,600,25,Maize,Urea
150,65,60,6.0,600,25,Maize,Urea
120,70,40,6.5,700,30,Maize,Urea
125,70,40,6.5,700,30,Maize,Urea
130,70,40,6.5,700,30,Maize,Urea
135,70,40,6.5,700,30,Maize,Urea
140,70,40,6.5,700,30,Maize,Urea
145,70,40,6.5,700,30,Maize,Urea
150,70,40,6.5,700,30,Maize,Urea
120,75,45,7.0,500,20,Maize,Urea
125,75,45,7.0,500,20,Maize,Urea
130,75,45,7.0,500,20,Maize,Urea
135,75,45,7.0,500,20,Maize,Urea
140,75,45,7.0,500,20,Maize,Urea
145,75,45,7.0,500,20,Maize,Urea
150,75,45,7.0,500,20,Maize,Urea
120,80,50,7.5,600,25,Maize,Urea
125,80,50,7.5,600,25,Maize,Urea
130,80,50,7.5,600,25,Maize,Urea
135,80,50,7.5,600,25,Maize,Urea
140,80,50,7.5,600,25,Maize,Urea
145,80,50,7.5,600,25,Maize,Urea
150,80,50,7.5,600,25,Maize,Urea
120,60,60,6.0,700,30,Maize,SSP
125,60,60,6.0,700,30,Maize,SSP
130,60,60,6.0,700,30,Maize,SSP
135,60,60,6.0,700,30,Maize,SSP
140,60,60,6.0,700,30,Maize,SSP
145,60,60,6.0,700,30,Maize,SSP
150,60,60,6.0,700,30,Maize,SSP
120,65,40,6.5,500,20,Maize,SSP
125,65,40,6.5,500,20,Maize,SSP
130,65,40,6.5,500,20,Maize,SSP
135,65,40,6.5,500,20,Maize,SSP
140,65,40,6.5,500,20,Maize,SSP
145,65,40,6.5,500,20,Maize,SSP
150,65,40,6.5,500,20,Maize,SSP
120,70,45,7.0,600,25,Maize,SSP
125,70,45,7.0,600,25,Maize,SSP
130,70,45,7.0,600,25,Maize,SSP
135,70,45,7.0,600,25,Maize,SSP
140,70,45,7.0,600,25,Maize,SSP
145,70,45,7.0,600,25,Maize,SSP
150,70,45,7.0,600,25,Maize,SSP
120,75,50,7.5,700,30,Maize,SSP
125,75,50,7.5,700,30,Maize,SSP
130,75,50,7.5,700,30,Maize,SSP
135,75,50,7.5,700,30,Maize,SSP
140,75,50,7.5,700,30,Maize,SSP
145,75,50,7.5,700,30,Maize,SSP
150,75,50,7.5,700,30,Maize,SSP
120,80,55,6.0,500,20,Maize,SSP
125,80,55,6.0,500,20,Maize,SSP
130,80,55,6.0,500,20,Maize,SSP
135,80,55,6.0,500,20,Maize,SSP
140,80,55,6.0,500,20,Maize,SSP
145,80,55,6.0,500,20,Maize,SSP
150,80,55,6.0,500,20,Maize,SSP
120,60,40,5.5,500,20,Maize,MOP
125,60,40,5.5,500,20,Maize,MOP
130,60,40,5.5,500,20,Maize,MOP
135,60,40,5.5,500,20,Maize,MOP
140,60,40,5.5,500,20,Maize,MOP
145,60,40,5.5,500,20,Maize,MOP
150,60,40,5.5,500,20,Maize,MOP
120,65,45,6.0,600,25,Maize,MOP
125,65,45,6.0,600,25,Maize,MOP
130,65,45,6.0,600,25,Maize,MOP
135,65,45,6.0,600,25,Maize,MOP
140,65,45,6.0,600,25,Maize,MOP
145,65,45,6.0,600,25,Maize,MOP
150,65,45,6.0,600,25,Maize,MOP
120,70,50,6.5,500,30,Maize,MOP
125,70,50,6.5,500,30,Maize,MOP
130,70,50,6.5,500,30,Maize,MOP
135,70,50,6.5,500,30,Maize,MOP
140,70,50,6.5,500,30,Maize,MOP
145,70,50,6.5,500,30,Maize,MOP
150,70,50,6.5,500,30,Maize,MOP
120,75,55,7.0,600,20,Maize,MOP
125,75,55,7.0,600,20,Maize,MOP
130,75,55,7.0,600,20,Maize,MOP
135,75,55,7.0,600,20,Maize,MOP
140,75,55,7.0,600,20,Maize,MOP
145,75,55,7.0,600,20,Maize,MOP
150,75,55,7.0,600,20,Maize,MOP
120,80,60,7.5,500,25,Maize,MOP
125,80,60,7.5,500,25,Maize,MOP
130,80,60,7.5,500,25,Maize,MOP
135,80,60,7.5,500,25,Maize,MOP
140,80,60,7.5,500,25,Maize,MOP
145,80,60,7.5,500,25,Maize,MOP
150,80,60,7.5,500,25,Maize,MOP
120,60,45,5.5,600,30,Maize,SSP
125,60,45,5.5,600,30,Maize,SSP
130,60,45,5.5,600,30,Maize,SSP
135,60,45,5.5,600,30,Maize,SSP
140,60,45,5.5,600,30,Maize,SSP
145,60,45,5.5,600,30,Maize,SSP
150,60,45,5.5,600,30,Maize,SSP
120,65,50,6.0,500,20,Maize,SSP
125,65,50,6.0,500,20,Maize,SSP
130,65,50,6.0,500,20,Maize,SSP
135,65,50,6.0,500,20,Maize,SSP
140,65,50,6.0,500,20,Maize,SSP
145,65,50,6.0,500,20,Maize,SSP
150,65,50,6.0,500,20,Maize,SSP
120,70,55,6.5,600,25,Maize,SSP
125,70,55,6.5,600,25,Maize,SSP
130,70,55,6.5,600,25,Maize,SSP
135,70,55,6.5,600,25,Maize,SSP
140,70,55,6.5,600,25,Maize,SSP
145,70,55,6.5,600,25,Maize,SSP
150,70,55,6.5,600,25,Maize,SSP
120,75,60,7.0,500,30,Maize,SSP
125,75,60,7.0,500,30,Maize,SSP
130,75,60,7.0,500,30,Maize,SSP
135,75,60,7.0,500,30,Maize,SSP
140,75,60,7.0,500,30,Maize,SSP
145,75,60,7.0,500,30,Maize,SSP
150,75,60,7.0,500,30,Maize,SSP
120,80,40,7.5,600,20,Maize,SSP
125,80,40,7.5,600,20,Maize,SSP
130,80,40,7.5,600,20,Maize,SSP
135,80,40,7.5,600,20,Maize,SSP
140,80,40,7.5,600,20,Maize,SSP
145,80,40,7.5,600,20,Maize,SSP
150,80,40,7.5,600,20,Maize,SSP
120,60,50,5.5,500,25,Maize,Urea
125,60,50,5.5,500,25,Maize,Urea
130,60,50,5.5,500,25,Maize,Urea
135,60,50,5.5,500,25,Maize,Urea
140,60,50,5.5,500,25,Maize,Urea
145,60,50,5.5,500,25,Maize,Urea
150,60,50,5.5,500,25,Maize,Urea
120,65,55,6.0,600,30,Maize,Urea
125,65,55,6.0,600,30,Maize,Urea
130,65,55,6.0,600,30,Maize,Urea
135,65,55,6.0,600,30,Maize,Urea
140,65,55,6.0,600,30,Maize,Urea
145,65,55,6.0,600,30,Maize,Urea
150,65,55,6.0,600,30,Maize,Urea
120,70,60,6.5,500,20,Maize,Urea
125,70,60,6.5,500,20,Maize,Urea
130,70,60,6.5,500,20,Maize,Urea
135,70,60,6.5,500,20,Maize,Urea
140,70,60,6.5,500,20,Maize,Urea
145,70,60,6.5,500,20,Maize,Urea
150,70,60,6.5,500,20,Maize,Urea
120,75,40,7.0,600,25,Maize,Urea
125,75,40,7.0,600,25,Maize,Urea
130,75,40,7.0,600,25,Maize,Urea
135,75,40,7.0,600,25,Maize,Urea
140,75,40,7.0,600,25,Maize,Urea
145,75,40,7.0,600,25,Maize,Urea
150,75,40,7.0,600,25,Maize,Urea
120,80,45,7.5,500,30,Maize,Urea
125,80,45,7.5,500,30,Maize,Urea
130,80,45,7.5,500,30,Maize,Urea
135,80,45,7.5,500,30,Maize,Urea
140,80,45,7.5,500,30,Maize,Urea
145,80,45,7.5,500,30,Maize,Urea
150,80,45,7.5,500,30,Maize,Urea
120,60,55,5.5,600,20,Maize,MOP
125,60,55,5.5,600,20,Maize,MOP
130,60,55,5.5,600,20,Maize,MOP
135,60,55,5.5,600,20,Maize,MOP
140,60,55,5.5,600,20,Maize,MOP
145,60,55,5.5,600,20,Maize,MOP
150,60,55,5.5,600,20,Maize,MOP
120,65,60,6.0,500,25,Maize,MOP
125,65,60,6.0,500,25,Maize,MOP
130,65,60,6.0,500,25,Maize,MOP
135,65,60,6.0,500,25,Maize,MOP
140,65,60,6.0,500,25,Maize,MOP
145,65,60,6.0,500,25,Maize,MOP
150,65,60,6.0,500,25,Maize,MOP
120,70,40,6.5,600,30,Maize,MOP
125,70,40,6.5,600,30,Maize,MOP
130,70,40,6.5,600,30,Maize,MOP
135,70,40,6.5,600,30,Maize,MOP
140,70,40,6.5,600,30,Maize,MOP
145,70,40,6.5,600,30,Maize,MOP
150,70,40,6.5,600,30,Maize,MOP
120,75,45,7.0,500,20,Maize,MOP
125,75,45,7.0,500,20,Maize,MOP
130,75,45,7.0,500,20,Maize,MOP
135,75,45,7.0,500,20,Maize,MOP
140,75,45,7.0,500,20,Maize,MOP
145,75,45,7.0,500,20,Maize,MOP
150,75,45,7.0,500,20,Maize,MOP
120,80,50,7.5,600,25,Maize,MOP
125,80,50,7.5,600,25,Maize,MOP
130,80,50,7.5,600,25,Maize,MOP
135,80,50,7.5,600,25,Maize,MOP
140,80,50,7.5,600,25,Maize,MOP
145,80,50,7.5,600,25,Maize,MOP
150,80,50,7.5,600,25,Maize,MOP
120,60,60,5.5,500,30,Maize,SSP
125,60,60,5.5,500,30,Maize,SSP
130,60,60,5.5,500,30,Maize,SSP
135,60,60,5.5,500,30,Maize,SSP
140,60,60,5.5,500,30,Maize,SSP
145,60,60,5.5,500,30,Maize,SSP
150,60,60,5.5,500,30,Maize,SSP
120,65,40,6.0,600,20,Maize,SSP
125,65,40,6.0,600,20,Maize,SSP
130,65,40,6.0,600,20,Maize,SSP
135,65,40,6.0,600,20,Maize,SSP
140,65,40,6.0,600,20,Maize,SSP
145,65,40,6.0,600,20,Maize,SSP
150,65,40,6.0,600,20,Maize,SSP
120,70,45,6.5,500,25,Maize,SSP
125,70,45,6.5,500,25,Maize,SSP
130,70,45,6.5,500,25,Maize,SSP
135,70,45,6.5,500,25,Maize,SSP
140,70,45,6.5,500,25,Maize,SSP
145,70,45,6.5,500,25,Maize,SSP
150,70,45,6.5,500,25,Maize,SSP
120,75,50,7.0,600,30,Maize,SSP
125,75,50,7.0,600,30,Maize,SSP
130,75,50,7.0,600,30,Maize,SSP
135,75,50,7.0,600,30,Maize,SSP
140,75,50,7.0,600,30,Maize,SSP
145,75,50,7.0,600,30,Maize,SSP
150,75,50,7.0,600,30,Maize,SSP
120,80,55,7.5,500,20,Maize,SSP
125,80,30,7.5,500,20,Maize,SSP
130,80,30,7.5,500,20,Maize,SSP
135,80,30,7.5,500,20,Maize,SSP
140,80,40,7.5,500,20,Maize,SSP
145,80,40,7.5,500,20,Maize,SSP
150,80,40,7.5,500,20,Maize,SSP
20,15,20,5.5,700,25,Rice,Urea
25,15,20,5.5,700,25,Rice,Urea
30,15,20,5.5,700,25,Rice,Urea
20,20,25,6.0,800,30,Rice,Urea
25,20,25,6.0,800,30,Rice,Urea
30,20,25,6.0,800,30,Rice,Urea
20,15,25,6.5,900,25,Rice,Urea
25,15,25,6.5,900,25,Rice,Urea
30,15,25,6.5,900,25,Rice,Urea
20,20,20,5.5,1000,30,Rice,Urea
25,20,20,5.5,1000,30,Rice,Urea
30,20,20,5.5,1000,30,Rice,Urea
25,20,30,6.0,700,25,Rice,Urea
30,20,30,6.0,700,25,Rice,Urea
35,20,30,6.0,700,25,Rice,Urea
25,25,35,6.5,800,30,Rice,Urea
30,25,35,6.5,800,30,Rice,Urea
35,25,35,6.5,800,30,Rice,Urea
25,30,40,5.5,900,25,Rice,Urea
30,30,40,5.5,900,25,Rice,Urea
35,30,40,5.5,900,25,Rice,50:26:26 NPK
25,20,35,6.0,1000,30,Rice,50:26:26 NPK
30,20,35,6.0,1000,30,Rice,50:26:26 NPK
35,20,35,6.0,1000,30,Rice,50:26:26 NPK
25,25,40,6.5,700,25,Rice,50:26:26 NPK
30,25,40,6.5,700,25,Rice,50:26:26 NPK
35,25,40,6.5,700,25,Rice,50:26:26 NPK
25,30,30,5.5,800,30,Rice,50:26:26 NPK
30,30,30,5.5,800,30,Rice,50:26:26 NPK
35,30,30,5.5,800,30,Rice,50:26:26 NPK
25,20,40,6.0,900,25,Rice,50:26:26 NPK
30,20,40,6.0,900,25,Rice,50:26:26 NPK
35,20,40,6.0,900,25,Rice,50:26:26 NPK
25,25,30,6.5,1000,30,Rice,50:26:26 NPK
30,25,30,6.5,1000,30,Rice,50:26:26 NPK
35,25,30,6.5,1000,30,Rice,50:26:26 NPK
25,30,35,5.5,700,25,Rice,50:26:26 NPK
30,30,35,5.5,700,25,Rice,50:26:26 NPK
35,30,35,5.5,700,25,Rice,50:26:26 NPK
80,40,40,6.0,1000,25,Rice,Urea
85,40,40,6.0,1000,25,Rice,Urea
90,40,40,6.0,1000,25,Rice,Urea
95,40,40,6.0,1000,25,Rice,Urea
100,40,40,6.0,1000,25,Rice,Urea
105,40,40,6.0,1000,25,Rice,Urea
110,40,40,6.0,1000,25,Rice,Urea
115,40,40,6.0,1000,25,Rice,Urea
120,40,40,6.0,1000,25,Rice,Urea
80,45,45,6.5,1100,30,Rice,Urea
85,45,45,6.5,1100,30,Rice,Urea
90,45,45,6.5,1100,30,Rice,Urea
95,45,45,6.5,1100,30,Rice,Urea
100,45,45,6.5,1100,30,Rice,Urea
105,45,45,6.5,1100,30,Rice,Urea
110,45,45,6.5,1100,30,Rice,Urea
115,45,45,6.5,1100,30,Rice,Urea
120,45,45,6.5,1100,30,Rice,Urea
80,50,50,7.0,1200,35,Rice,Urea
85,50,50,7.0,1200,35,Rice,Urea
90,50,50,7.0,1200,35,Rice,Urea
95,50,50,7.0,1200,35,Rice,Urea
100,50,50,7.0,1200,35,Rice,Urea
105,50,50,7.0,1200,35,Rice,Urea
110,50,50,7.0,1200,35,Rice,Urea
115,50,50,7.0,1200,35,Rice,Urea
120,50,50,7.0,1200,35,Rice,Urea
80,55,55,7.5,1300,25,Rice,Urea
85,55,55,7.5,1300,25,Rice,Urea
90,55,55,7.5,1300,25,Rice,Urea
95,55,55,7.5,1300,25,Rice,Urea
100,55,55,7.5,1300,25,Rice,Urea
105,55,55,7.5,1300,25,Rice,Urea
110,55,55,7.5,1300,25,Rice,Urea
115,55,55,7.5,1300,25,Rice,Urea
120,55,55,7.5,1300,25,Rice,Urea
80,60,60,6.0,1400,30,Rice,Urea
85,60,60,6.0,1400,30,Rice,Urea
90,60,60,6.0,1400,30,Rice,Urea
95,60,60,6.0,1400,30,Rice,Urea
100,60,60,6.0,1400,30,Rice,Urea
105,60,60,6.0,1400,30,Rice,Urea
110,60,60,6.0,1400,30,Rice,Urea
115,60,60,6.0,1400,30,Rice,Urea
120,60,60,6.0,1400,30,Rice,Urea
80,40,45,6.5,1500,35,Rice,50:26:26 NPK
85,40,45,6.5,1500,35,Rice,50:26:26 NPK
90,40,45,6.5,1500,35,Rice,50:26:26 NPK
95,40,45,6.5,1500,35,Rice,50:26:26 NPK
100,40,45,6.5,1500,35,Rice,50:26:26 NPK
105,40,45,6.5,1500,35,Rice,50:26:26 NPK
110,40,45,6.5,1500,35,Rice,50:26:26 NPK
115,40,45,6.5,1500,35,Rice,50:26:26 NPK
120,40,45,6.5,1500,35,Rice,50:26:26 NPK
80,45,50,7.0,1000,25,Rice,50:26:26 NPK
85,45,50,7.0,1000,25,Rice,50:26:26 NPK
90,45,50,7.0,1000,25,Rice,50:26:26 NPK
95,45,50,7.0,1000,25,Rice,50:26:26 NPK
100,45,50,7.0,1000,25,Rice,50:26:26 NPK
105,45,50,7.0,1000,25,Rice,50:26:26 NPK
110,45,50,7.0,1000,25,Rice,50:26:26 NPK
115,45,50,7.0,1000,25,Rice,50:26:26 NPK
120,45,50,7.0,1000,25,Rice,50:26:26 NPK
80,50,55,7.5,1100,30,Rice,50:26:26 NPK
85,50,55,7.5,1100,30,Rice,50:26:26 NPK
90,50,55,7.5,1100,30,Rice,50:26:26 NPK
95,50,55,7.5,1100,30,Rice,50:26:26 NPK
100,50,55,7.5,1100,30,Rice,50:26:26 NPK
105,50,55,7.5,1100,30,Rice,50:26:26 NPK
110,50,55,7.5,1100,30,Rice,50:26:26 NPK
115,50,55,7.5,1100,30,Rice,50:26:26 NPK
120,50,55,7.5,1100,30,Rice,50:26:26 NPK
80,55,60,6.0,1200,35,Rice,50:26:26 NPK
85,55,60,6.0,1200,35,Rice,50:26:26 NPK
90,55,60,6.0,1200,35,Rice,50:26:26 NPK
95,55,60,6.0,1200,35,Rice,50:26:26 NPK
100,55,60,6.0,1200,35,Rice,50:26:26 NPK
105,55,60,6.0,1200,35,Rice,50:26:26 NPK
110,55,60,6.0,1200,35,Rice,50:26:26 NPK
115,55,60,6.0,1200,35,Rice,50:26:26 NPK
120,55,60,6.0,1200,35,Rice,50:26:26 NPK
80,60,40,6.5,1300,25,Rice,50:26:26 NPK
85,60,40,6.5,1300,25,Rice,50:26:26 NPK
90,60,40,6.5,1300,25,Rice,50:26:26 NPK
95,60,40,6.5,1300,25,Rice,50:26:26 NPK
100,60,40,6.5,1300,25,Rice,50:26:26 NPK
105,60,40,6.5,1300,25,Rice,50:26:26 NPK
110,60,40,6.5,1300,25,Rice,50:26:26 NPK
115,60,40,6.5,1300,25,Rice,50:26:26 NPK
120,60,40,6.5,1300,25,Rice,50:26:26 NPK
80,40,50,7.0,1400,30,Rice,Urea
85,40,50,7.0,1400,30,Rice,Urea
90,40,50,7.0,1400,30,Rice,Urea
95,40,50,7.0,1400,30,Rice,Urea
100,40,50,7.0,1400,30,Rice,Urea
105,40,50,7.0,1400,30,Rice,Urea
110,40,50,7.0,1400,30,Rice,Urea
115,40,50,7.0,1400,30,Rice,Urea
120,40,50,7.0,1400,30,Rice,Urea
80,45,55,7.5,1500,35,Rice,Urea
85,45,55,7.5,1500,35,Rice,Urea
90,45,55,7.5,1500,35,Rice,Urea
95,45,55,7.5,1500,35,Rice,Urea
100,45,55,7.5,1500,35,Rice,Urea
105,45,55,7.5,1500,35,Rice,Urea
110,45,55,7.5,1500,35,Rice,Urea
115,45,55,7.5,1500,35,Rice,Urea
120,45,55,7.5,1500,35,Rice,Urea
80,50,60,6.0,1000,25,Rice,Urea
85,50,60,6.0,1000,25,Rice,Urea
90,50,60,6.0,1000,25,Rice,Urea
95,50,60,6.0,1000,25,Rice,Urea
100,50,60,6.0,1000,25,Rice,Urea
105,50,60,6.0,1000,25,Rice,Urea
110,50,60,6.0,1000,25,Rice,Urea
115,50,60,6.0,1000,25,Rice,Urea
120,50,60,6.0,1000,25,Rice,Urea
80,55,40,6.5,1100,30,Rice,Urea
85,55,40,6.5,1100,30,Rice,Urea
90,55,40,6.5,1100,30,Rice,Urea
95,55,40,6.5,1100,30,Rice,Urea
100,55,40,6.5,1100,30,Rice,Urea
105,55,40,6.5,1100,30,Rice,Urea
110,55,40,6.5,1100,30,Rice,Urea
115,55,40,6.5,1100,30,Rice,Urea
120,55,40,6.5,1100,30,Rice,Urea
80,60,45,7.0,1200,35,Rice,Urea
85,60,45,7.0,1200,35,Rice,Urea
90,60,45,7.0,1200,35,Rice,Urea
95,60,45,7.0,1200,35,Rice,Urea
100,60,45,7.0,1200,35,Rice,Urea
105,60,45,7.0,1200,35,Rice,Urea
110,60,45,7.0,1200,35,Rice,Urea
115,60,45,7.0,1200,35,Rice,Urea
120,60,45,7.0,1200,35,Rice,Urea
80,40,55,7.5,1300,25,Rice,50:26:26 NPK
85,40,55,7.5,1300,25,Rice,50:26:26 NPK
90,40,55,7.5,1300,25,Rice,50:26:26 NPK
95,40,55,7.5,1300,25,Rice,50:26:26 NPK
100,40,55,7.5,1300,25,Rice,50:26:26 NPK
105,40,55,7.5,1300,25,Rice,50:26:26 NPK
110,40,55,7.5,1300,25,Rice,50:26:26 NPK
115,40,55,7.5,1300,25,Rice,50:26:26 NPK
120,40,55,7.5,1300,25,Rice,50:26:26 NPK
80,45,60,6.0,1400,30,Rice,50:26:26 NPK
85,45,60,6.0,1400,30,Rice,50:26:26 NPK
90,45,60,6.0,1400,30,Rice,50:26:26 NPK
95,45,60,6.0,1400,30,Rice,50:26:26 NPK
100,45,60,6.0,1400,30,Rice,50:26:26 NPK
105,45,60,6.0,1400,30,Rice,50:26:26 NPK
110,45,60,6.0,1400,30,Rice,50:26:26 NPK
115,45,60,6.0,1400,30,Rice,50:26:26 NPK
120,45,60,6.0,1400,30,Rice,50:26:26 NPK
80,50,40,6.5,1500,35,Rice,50:26:26 NPK
85,50,40,6.5,1500,35,Rice,50:26:26 NPK
90,50,40,6.5,1500,35,Rice,50:26:26 NPK
95,50,40,6.5,1500,35,Rice,50:26:26 NPK
100,50,40,6.5,1500,35,Rice,50:26:26 NPK
105,50,40,6.5,1500,35,Rice,50:26:26 NPK
110,50,40,6.5,1500,35,Rice,50:26:26 NPK
115,50,40,6.5,1500,35,Rice,50:26:26 NPK
120,50,40,6.5,1500,35,Rice,50:26:26 NPK
80,55,45,7.0,1000,25,Rice,50:26:26 NPK
85,55,45,7.0,1000,25,Rice,50:26:26 NPK
90,55,45,7.0,1000,25,Rice,50:26:26 NPK
95,55,45,7.0,1000,25,Rice,50:26:26 NPK
100,55,45,7.0,1000,25,Rice,50:26:26 NPK
105,55,45,7.0,1000,25,Rice,50:26:26 NPK
110,55,45,7.0,1000,25,Rice,50:26:26 NPK
115,55,45,7.0,1000,25,Rice,50:26:26 NPK
120,55,45,7.0,1000,25,Rice,50:26:26 NPK
80,60,50,7.5,1100,30,Rice,50:26:26 NPK
85,60,50,7.5,1100,30,Rice,50:26:26 NPK
90,60,50,7.5,1100,30,Rice,50:26:26 NPK
95,60,50,7.5,1100,30,Rice,50:26:26 NPK
100,60,50,7.5,1100,30,Rice,50:26:26 NPK
105,60,50,7.5,1100,30,Rice,50:26:26 NPK
110,60,50,7.5,1100,30,Rice,50:26:26 NPK
115,60,50,7.5,1100,30,Rice,50:26:26 NPK
120,60,50,7.5,1100,30,Rice,50:26:26 NPK
80,40,60,6.0,1200,35,Rice,Urea
85,40,60,6.0,1200,35,Rice,Urea
90,40,60,6.0,1200,35,Rice,Urea
95,40,60,6.0,1200,35,Rice,Urea
100,40,60,6.0,1200,35,Rice,Urea
105,40,60,6.0,1200,35,Rice,Urea
110,40,60,6.0,1200,35,Rice,Urea
115,40,60,6.0,1200,35,Rice,Urea
120,40,60,6.0,1200,35,Rice,Urea
80,45,40,6.5,1300,25,Rice,Urea
85,45,40,6.5,1300,25,Rice,Urea
90,45,40,6.5,1300,25,Rice,Urea
95,45,40,6.5,1300,25,Rice,Urea
100,45,40,6.5,1300,25,Rice,Urea
105,45,40,6.5,1300,25,Rice,Urea
110,45,40,6.5,1300,25,Rice,Urea
115,45,40,6.5,1300,25,Rice,Urea
120,45,40,6.5,1300,25,Rice,Urea
80,50,45,7.0,1400,30,Rice,Urea
85,50,45,7.0,1400,30,Rice,Urea
90,50,45,7.0,1400,30,Rice,Urea
95,50,45,7.0,1400,30,Rice,Urea
100,50,45,7.0,1400,30,Rice,Urea
105,50,45,7.0,1400,30,Rice,Urea
110,50,45,7.0,1400,30,Rice,Urea
115,50,45,7.0,1400,30,Rice,Urea
120,50,45,7.0,1400,30,Rice,Urea
80,55,50,7.5,1500,35,Rice,Urea
85,55,50,7.5,1500,35,Rice,Urea
90,55,50,7.5,1500,35,Rice,Urea
95,55,50,7.5,1500,35,Rice,Urea
100,55,50,7.5,1500,35,Rice,Urea
105,55,50,7.5,1500,35,Rice,Urea
110,55,50,7.5,1500,35,Rice,Urea
115,55,50,7.5,1500,35,Rice,Urea
120,55,50,7.5,1500,35,Rice,Urea
80,60,55,6.0,1000,20,Rice,Urea
85,60,55,6.0,1000,20,Rice,Urea
90,60,55,6.0,1000,20,Rice,Urea
95,60,55,6.0,1000,20,Rice,Urea
100,60,55,6.0,1000,20,Rice,Urea
105,60,55,6.0,1000,20,Rice,Urea
110,60,55,6.0,1000,20,Rice,Urea
115,60,55,6.0,1000,20,Rice,Urea
120,60,55,6.0,1000,20,Rice,Urea
100,50,50,5.5,700,35,Rice,Urea
105,50,50,5.5,700,35,Rice,Urea
110,50,50,5.5,700,35,Rice,Urea
115,50,50,5.5,700,35,Rice,Urea
120,50,50,5.5,700,35,Rice,Urea
100,55,55,6.0,800,40,Rice,Urea
105,55,55,6.0,800,40,Rice,Urea
110,55,55,6.0,800,40,Rice,Urea
115,55,55,6.0,800,40,Rice,Urea
120,55,55,6.0,800,40,Rice,Urea
100,60,60,6.5,900,35,Rice,Urea
105,60,60,6.5,900,35,Rice,Urea
110,60,60,6.5,900,35,Rice,Urea
115,60,60,6.5,900,35,Rice,Urea
120,60,60,6.5,900,35,Rice,Urea
100,50,55,5.5,700,40,Rice,50:26:26 NPK
105,50,55,5.5,700,40,Rice,50:26:26 NPK
110,50,55,5.5,700,40,Rice,50:26:26 NPK
115,50,55,5.5,700,40,Rice,50:26:26 NPK
120,50,55,5.5,700,40,Rice,50:26:26 NPK
100,55,60,6.0,800,35,Rice,50:26:26 NPK
105,55,60,6.0,800,35,Rice,50:26:26 NPK
110,55,60,6.0,800,35,Rice,50:26:26 NPK
115,55,60,6.0,800,35,Rice,50:26:26 NPK
120,55,60,6.0,800,35,Rice,50:26:26 NPK
100,60,50,6.5,900,40,Rice,50:26:26 NPK
105,60,50,6.5,900,40,Rice,50:26:26 NPK
110,60,50,6.5,900,40,Rice,50:26:26 NPK
115,60,50,6.5,900,40,Rice,50:26:26 NPK
120,60,50,6.5,900,40,Rice,50:26:26 NPK
100,50,60,5.5,700,35,Rice,Urea
105,50,60,5.5,700,35,Rice,Urea
110,50,60,5.5,700,35,Rice,Urea
115,50,60,5.5,700,35,Rice,Urea
120,50,60,5.5,700,35,Rice,Urea
100,55,50,6.0,800,40,Rice,Urea
105,55,50,6.0,800,40,Rice,Urea
110,55,50,6.0,800,40,Rice,Urea
115,55,50,6.0,800,40,Rice,Urea
120,55,50,6.0,800,40,Rice,Urea
100,60,55,6.5,900,35,Rice,Urea
105,60,55,6.5,900,35,Rice,Urea
110,60,55,6.5,900,35,Rice,Urea
115,60,55,6.5,900,35,Rice,Urea
120,60,55,6.5,900,35,Rice,Urea
20,30,20,6.0,500,25,Groundnut,Chilated Micronutrient
25,30,20,6.0,500,25,Groundnut,Chilated Micronutrient
30,30,20,6.0,500,25,Groundnut,Chilated Micronutrient
20,35,25,6.5,600,30,Groundnut,Chilated Micronutrient
25,35,25,6.5,600,30,Groundnut,Chilated Micronutrient
30,35,25,6.5,600,30,Groundnut,Chilated Micronutrient
20,40,20,7.0,500,25,Groundnut,Chilated Micronutrient
25,40,20,7.0,500,25,Groundnut,Chilated Micronutrient
30,40,20,7.0,500,25,Groundnut,Chilated Micronutrient
20,30,25,7.5,600,30,Groundnut,SSP
25,30,25,7.5,600,30,Groundnut,SSP
30,30,25,7.5,600,30,Groundnut,SSP
20,35,20,6.0,500,25,Groundnut,SSP
25,35,20,6.0,500,25,Groundnut,SSP
30,35,20,6.0,500,25,Groundnut,SSP
20,40,25,6.5,600,30,Groundnut,SSP
25,40,25,6.5,600,30,Groundnut,SSP
30,40,25,6.5,600,30,Groundnut,SSP
50,25,30,6.0,500,25,Groundnut,Chilated Micronutrient
55,25,30,6.0,500,25,Groundnut,Chilated Micronutrient
60,25,30,6.0,500,25,Groundnut,Chilated Micronutrient
50,30,35,6.5,600,30,Groundnut,Chilated Micronutrient
55,30,35,6.5,600,30,Groundnut,Chilated Micronutrient
60,30,35,6.5,600,30,Groundnut,Chilated Micronutrient
50,25,40,7.0,500,25,Groundnut,Chilated Micronutrient
55,25,40,7.0,500,25,Groundnut,Chilated Micronutrient
60,25,40,7.0,500,25,Groundnut,Chilated Micronutrient
50,30,30,7.5,600,30,Groundnut,SSP
55,30,30,7.5,600,30,Groundnut,SSP
60,30,30,7.5,600,30,Groundnut,SSP
50,25,35,6.0,500,25,Groundnut,SSP
55,25,35,6.0,500,25,Groundnut,SSP
60,25,35,6.0,500,25,Groundnut,SSP
50,30,40,6.5,600,30,Groundnut,SSP
55,30,40,6.5,600,30,Groundnut,SSP
60,30,40,6.5,600,30,Groundnut,SSP
40,20,20,5.5,500,25,Groundnut,Chilated Micronutrient
45,20,20,5.5,500,25,Groundnut,Chilated Micronutrient
50,20,20,5.5,500,25,Groundnut,Chilated Micronutrient
40,30,30,6.0,600,30,Groundnut,Chilated Micronutrient
45,30,30,6.0,600,30,Groundnut,Chilated Micronutrient
50,30,30,6.0,600,30,Groundnut,Chilated Micronutrient
40,20,30,6.5,500,25,Groundnut,Chilated Micronutrient
45,20,30,6.5,500,25,Groundnut,Chilated Micronutrient
50,20,30,6.5,500,25,Groundnut,Chilated Micronutrient
40,30,20,7.0,600,30,Groundnut,SSP
45,30,20,7.0,600,30,Groundnut,SSP
50,30,20,7.0,600,30,Groundnut,SSP
20,40,20,6.0,600,25,Groundnut,Chilated Micronutrient
25,40,20,6.0,600,25,Groundnut,Chilated Micronutrient
30,40,20,6.0,600,25,Groundnut,Chilated Micronutrient
20,45,25,6.5,700,30,Groundnut,Chilated Micronutrient
25,45,25,6.5,700,30,Groundnut,Chilated Micronutrient
30,45,25,6.5,700,30,Groundnut,Chilated Micronutrient
20,50,30,7.0,800,25,Groundnut,Chilated Micronutrient
25,50,30,7.0,800,25,Groundnut,Chilated Micronutrient
30,50,30,7.0,800,25,Groundnut,Chilated Micronutrient
20,55,35,7.5,600,30,Groundnut,Chilated Micronutrient
25,55,35,7.5,600,30,Groundnut,Chilated Micronutrient
30,55,35,7.5,600,30,Groundnut,Chilated Micronutrient
20,60,40,6.0,700,25,Groundnut,Chilated Micronutrient
25,60,40,6.0,700,25,Groundnut,Chilated Micronutrient
30,60,40,6.0,700,25,Groundnut,Chilated Micronutrient
20,40,25,6.5,800,30,Groundnut,SSP
25,40,25,6.5,800,30,Groundnut,SSP
30,40,25,6.5,800,30,Groundnut,SSP
20,45,30,7.0,600,25,Groundnut,SSP
25,45,30,7.0,600,25,Groundnut,SSP
30,45,30,7.0,600,25,Groundnut,SSP
20,50,35,7.5,700,30,Groundnut,SSP
25,50,35,7.5,700,30,Groundnut,SSP
30,50,35,7.5,700,30,Groundnut,SSP
20,55,40,6.5,800,25,Groundnut,SSP
25,55,40,6.5,800,25,Groundnut,SSP
30,55,40,6.5,800,25,Groundnut,SSP
20,60,20,7.0,600,30,Groundnut,SSP
25,60,20,7.0,600,30,Groundnut,SSP
30,60,20,7.0,600,30,Groundnut,SSP
20,40,30,7.5,700,25,Groundnut,Chilated Micronutrient
25,40,30,7.5,700,25,Groundnut,Chilated Micronutrient
30,40,30,7.5,700,25,Groundnut,Chilated Micronutrient
20,45,35,6.0,800,30,Groundnut,Chilated Micronutrient
25,45,35,6.0,800,30,Groundnut,Chilated Micronutrient
30,45,35,6.0,800,30,Groundnut,Chilated Micronutrient
20,50,40,7.0,600,25,Groundnut,Chilated Micronutrient
25,50,40,7.0,600,25,Groundnut,Chilated Micronutrient
30,50,40,7.0,600,25,Groundnut,Chilated Micronutrient
20,55,20,7.5,700,30,Groundnut,Chilated Micronutrient
25,55,20,7.5,700,30,Groundnut,Chilated Micronutrient
30,55,20,7.5,700,30,Groundnut,Chilated Micronutrient
20,60,25,6.0,800,25,Groundnut,Chilated Micronutrient
25,60,25,6.0,800,25,Groundnut,Chilated Micronutrient
30,60,25,6.0,800,25,Groundnut,Chilated Micronutrient
20,40,35,6.5,600,30,Groundnut,SSP
25,40,35,6.5,600,30,Groundnut,SSP
30,40,35,6.5,600,30,Groundnut,SSP
20,45,40,7.5,700,25,Groundnut,SSP
25,45,40,7.5,700,25,Groundnut,SSP
30,45,40,7.5,700,25,Groundnut,SSP
20,50,20,6.0,800,30,Groundnut,SSP
25,50,20,6.0,800,30,Groundnut,SSP
30,50,20,6.0,800,30,Groundnut,SSP
20,55,25,6.5,600,25,Groundnut,SSP
25,55,25,6.5,600,25,Groundnut,SSP
30,55,25,6.5,600,25,Groundnut,SSP
20,60,30,7.0,700,30,Groundnut,SSP
25,60,30,7.0,700,30,Groundnut,SSP
30,60,30,7.0,700,30,Groundnut,SSP
20,40,40,6.0,800,25,Groundnut,Chilated Micronutrient
25,40,40,6.0,800,25,Groundnut,Chilated Micronutrient
30,40,40,6.0,800,25,Groundnut,Chilated Micronutrient
20,45,20,6.5,600,30,Groundnut,Chilated Micronutrient
25,45,20,6.5,600,30,Groundnut,Chilated Micronutrient
30,45,20,6.5,600,30,Groundnut,Chilated Micronutrient
20,50,25,7.5,700,25,Groundnut,Chilated Micronutrient
25,50,25,7.5,700,25,Groundnut,Chilated Micronutrient
30,50,25,7.5,700,25,Groundnut,Chilated Micronutrient
20,55,30,6.0,800,30,Groundnut,Chilated Micronutrient
25,55,30,6.0,800,30,Groundnut,Chilated Micronutrient
30,55,30,6.0,800,30,Groundnut,Chilated Micronutrient
20,60,35,6.5,600,20,Groundnut,Chilated Micronutrient
25,60,35,6.5,600,20,Groundnut,Chilated Micronutrient
30,60,35,6.5,600,20,Groundnut,Chilated Micronutrient
20,40,20,6.0,800,25,Groundnut,Chilated Micronutrient
25,40,20,6.0,800,25,Groundnut,Chilated Micronutrient
30,40,20,6.0,800,25,Groundnut,Chilated Micronutrient
20,45,25,6.5,900,30,Groundnut,Chilated Micronutrient
25,45,25,6.5,900,30,Groundnut,Chilated Micronutrient
30,45,25,6.5,900,30,Groundnut,Chilated Micronutrient
20,50,30,7.0,800,25,Groundnut,Chilated Micronutrient
25,50,30,7.0,800,25,Groundnut,Chilated Micronutrient
30,50,30,7.0,800,25,Groundnut,Chilated Micronutrient
20,40,25,6.0,900,30,Groundnut,SSP
25,40,25,6.0,900,30,Groundnut,SSP
30,40,25,6.0,900,30,Groundnut,SSP
20,45,30,6.5,800,25,Groundnut,SSP
25,45,30,6.5,800,25,Groundnut,SSP
30,45,30,6.5,800,25,Groundnut,SSP
20,50,20,7.0,900,30,Groundnut,SSP
25,50,20,7.0,900,30,Groundnut,SSP
30,50,20,7.0,900,30,Groundnut,SSP
20,40,30,6.0,800,25,Groundnut,Chilated Micronutrient
25,40,30,6.0,800,25,Groundnut,Chilated Micronutrient
30,40,30,6.0,800,25,Groundnut,Chilated Micronutrient
20,45,20,6.5,900,30,Groundnut,Chilated Micronutrient
25,45,20,6.5,900,30,Groundnut,Chilated Micronutrient
30,45,20,6.5,900,30,Groundnut,Chilated Micronutrient
20,50,25,7.0,800,25,Groundnut,Chilated Micronutrient
25,50,25,7.0,800,25,Groundnut,Chilated Micronutrient
30,50,25,7.0,800,25,Groundnut,Chilated Micronutrient
20,30,20,5.5,700,25,Groundnut,Chilated Micronutrient
25,30,20,5.5,700,25,Groundnut,Chilated Micronutrient
30,30,20,5.5,700,25,Groundnut,Chilated Micronutrient
20,35,25,6.0,800,30,Groundnut,Chilated Micronutrient
25,35,25,6.0,800,30,Groundnut,Chilated Micronutrient
30,35,25,6.0,800,30,Groundnut,Chilated Micronutrient
20,40,30,6.5,900,35,Groundnut,Chilated Micronutrient
25,40,30,6.5,900,35,Groundnut,Chilated Micronutrient
30,40,30,6.5,900,35,Groundnut,Chilated Micronutrient
20,30,25,5.5,700,25,Groundnut,SSP
25,30,25,5.5,700,25,Groundnut,SSP
30,30,25,5.5,700,25,Groundnut,SSP
20,35,30,6.0,800,30,Groundnut,SSP
25,35,30,6.0,800,30,Groundnut,SSP
30,35,30,6.0,800,30,Groundnut,SSP
20,40,20,6.5,900,35,Groundnut,SSP
25,40,20,6.5,900,35,Groundnut,SSP
30,40,20,6.5,900,35,Groundnut,SSP
20,30,30,5.5,700,25,Groundnut,Chilated Micronutrient
25,30,30,5.5,700,25,Groundnut,Chilated Micronutrient
30,30,30,5.5,700,25,Groundnut,Chilated Micronutrient
20,35,20,6.0,800,30,Groundnut,Chilated Micronutrient
25,35,20,6.0,800,30,Groundnut,Chilated Micronutrient
30,35,20,6.0,800,30,Groundnut,Chilated Micronutrient
20,40,25,6.5,900,35,Groundnut,Chilated Micronutrient
25,40,25,6.5,900,35,Groundnut,Chilated Micronutrient
30,40,25,6.5,900,35,Groundnut,Chilated Micronutrient
75,50,100,6.5,1000,20,Sugarcane,Urea
80,50,100,6.5,1000,20,Sugarcane,Urea
85,50,100,6.5,1000,20,Sugarcane,Urea
90,50,100,6.5,1000,20,Sugarcane,Urea
95,50,100,6.5,1000,20,Sugarcane,Urea
100,50,100,6.5,1000,20,Sugarcane,Urea
75,55,105,7.0,1100,25,Sugarcane,Urea
80,55,105,7.0,1100,25,Sugarcane,Urea
85,55,105,7.0,1100,25,Sugarcane,Urea
90,55,105,7.0,1100,25,Sugarcane,Urea
95,55,105,7.0,1100,25,Sugarcane,Urea
100,55,105,7.0,1100,25,Sugarcane,Urea
75,60,110,7.5,1200,30,Sugarcane,Urea
80,60,110,7.5,1200,30,Sugarcane,Urea
85,60,110,7.5,1200,30,Sugarcane,Urea
90,60,110,7.5,1200,30,Sugarcane,Urea
95,60,110,7.5,1200,30,Sugarcane,Urea
100,60,110,7.5,1200,30,Sugarcane,Urea
75,50,115,6.5,1300,35,Sugarcane,Urea
80,50,115,6.5,1300,35,Sugarcane,Urea
85,50,115,6.5,1300,35,Sugarcane,Urea
90,50,115,6.5,1300,35,Sugarcane,Urea
95,50,115,6.5,1300,35,Sugarcane,Urea
100,50,115,6.5,1300,35,Sugarcane,Urea
75,55,100,7.0,1400,20,Sugarcane,DAP
80,55,100,7.0,1400,20,Sugarcane,DAP
85,55,100,7.0,1400,20,Sugarcane,DAP
90,55,100,7.0,1400,20,Sugarcane,DAP
95,55,100,7.0,1400,20,Sugarcane,DAP
100,55,100,7.0,1400,20,Sugarcane,DAP
75,60,105,7.5,1500,25,Sugarcane,DAP
80,60,105,7.5,1500,25,Sugarcane,DAP
85,60,105,7.5,1500,25,Sugarcane,DAP
90,60,105,7.5,1500,25,Sugarcane,DAP
95,60,105,7.5,1500,25,Sugarcane,DAP
100,60,105,7.5,1500,25,Sugarcane,DAP
75,50,110,6.5,1000,30,Sugarcane,DAP
80,50,110,6.5,1000,30,Sugarcane,DAP
85,50,110,6.5,1000,30,Sugarcane,DAP
90,50,110,6.5,1000,30,Sugarcane,DAP
95,50,110,6.5,1000,30,Sugarcane,DAP
100,50,110,6.5,1000,30,Sugarcane,DAP
75,55,115,7.0,1100,35,Sugarcane,DAP
80,55,115,7.0,1100,35,Sugarcane,DAP
85,55,115,7.0,1100,35,Sugarcane,DAP
90,55,115,7.0,1100,35,Sugarcane,DAP
95,55,115,7.0,1100,35,Sugarcane,DAP
100,55,115,7.0,1100,35,Sugarcane,DAP
75,60,100,7.5,1200,20,Sugarcane,MOP
80,60,100,7.5,1200,20,Sugarcane,MOP
85,60,100,7.5,1200,20,Sugarcane,MOP
90,60,100,7.5,1200,20,Sugarcane,MOP
95,60,100,7.5,1200,20,Sugarcane,MOP
100,60,100,7.5,1200,20,Sugarcane,MOP
75,50,105,6.5,1300,25,Sugarcane,MOP
80,50,105,6.5,1300,25,Sugarcane,MOP
85,50,105,6.5,1300,25,Sugarcane,MOP
90,50,105,6.5,1300,25,Sugarcane,MOP
95,50,105,6.5,1300,25,Sugarcane,MOP
100,50,105,6.5,1300,25,Sugarcane,MOP
75,55,110,7.0,1400,30,Sugarcane,MOP
80,55,110,7.0,1400,30,Sugarcane,MOP
85,55,110,7.0,1400,30,Sugarcane,MOP
90,55,110,7.0,1400,30,Sugarcane,MOP
95,55,110,7.0,1400,30,Sugarcane,MOP
100,55,110,7.0,1400,30,Sugarcane,MOP
75,60,115,7.5,1500,35,Sugarcane,MOP
80,60,115,7.5,1500,35,Sugarcane,MOP
85,60,115,7.5,1500,35,Sugarcane,MOP
90,60,115,7.5,1500,35,Sugarcane,MOP
95,60,115,7.5,1500,35,Sugarcane,MOP
100,60,115,7.5,1500,35,Sugarcane,MOP
120,60,60,6.5,1000,20,Sugarcane,Urea
125,60,60,6.5,1000,20,Sugarcane,Urea
130,60,60,6.5,1000,20,Sugarcane,Urea
135,60,60,6.5,1000,20,Sugarcane,Urea
140,60,60,6.5,1000,20,Sugarcane,Urea
145,60,60,6.5,1000,20,Sugarcane,Urea
150,60,60,6.5,1000,20,Sugarcane,Urea
120,65,65,7.0,1100,25,Sugarcane,Urea
125,65,65,7.0,1100,25,Sugarcane,Urea
130,65,65,7.0,1100,25,Sugarcane,Urea
135,65,65,7.0,1100,25,Sugarcane,Urea
140,65,65,7.0,1100,25,Sugarcane,Urea
145,65,65,7.0,1100,25,Sugarcane,Urea
150,65,65,7.0,1100,25,Sugarcane,Urea
120,70,70,7.5,1200,30,Sugarcane,Urea
125,70,70,7.5,1200,30,Sugarcane,Urea
130,70,70,7.5,1200,30,Sugarcane,Urea
135,70,70,7.5,1200,30,Sugarcane,Urea
140,70,70,7.5,1200,30,Sugarcane,Urea
145,70,70,7.5,1200,30,Sugarcane,Urea
150,70,70,7.5,1200,30,Sugarcane,Urea
120,75,75,8.0,1000,35,Sugarcane,Urea
125,75,75,8.0,1000,35,Sugarcane,Urea
130,75,75,8.0,1000,35,Sugarcane,Urea
135,75,75,8.0,1000,35,Sugarcane,Urea
140,75,75,8.0,1000,35,Sugarcane,Urea
145,75,75,8.0,1000,35,Sugarcane,Urea
150,75,75,8.0,1000,35,Sugarcane,Urea
120,80,80,8.5,1100,20,Sugarcane,Urea
125,80,80,8.5,1100,20,Sugarcane,Urea
130,80,80,8.5,1100,20,Sugarcane,Urea
135,80,80,8.5,1100,20,Sugarcane,Urea
140,80,80,8.5,1100,20,Sugarcane,Urea
145,80,80,8.5,1100,20,Sugarcane,Urea
150,80,80,8.5,1100,20,Sugarcane,DAP
120,60,65,6.5,1200,25,Sugarcane,DAP
125,60,65,6.5,1200,25,Sugarcane,DAP
130,60,65,6.5,1200,25,Sugarcane,DAP
135,60,65,6.5,1200,25,Sugarcane,DAP
140,60,65,6.5,1200,25,Sugarcane,DAP
145,60,65,6.5,1200,25,Sugarcane,DAP
150,60,65,6.5,1200,25,Sugarcane,DAP
120,65,70,7.0,1000,30,Sugarcane,DAP
125,65,70,7.0,1000,30,Sugarcane,DAP
130,65,70,7.0,1000,30,Sugarcane,DAP
135,65,70,7.0,1000,30,Sugarcane,DAP
140,65,70,7.0,1000,30,Sugarcane,DAP
145,65,70,7.0,1000,30,Sugarcane,DAP
150,65,70,7.0,1000,30,Sugarcane,DAP
120,70,75,7.5,1100,35,Sugarcane,DAP
125,70,75,7.5,1100,35,Sugarcane,DAP
130,70,75,7.5,1100,35,Sugarcane,DAP
135,70,75,7.5,1100,35,Sugarcane,DAP
140,70,75,7.5,1100,35,Sugarcane,DAP
145,70,75,7.5,1100,35,Sugarcane,DAP
150,70,75,7.5,1100,35,Sugarcane,DAP
120,75,80,8.0,1200,20,Sugarcane,DAP
125,75,80,8.0,1200,20,Sugarcane,DAP
130,75,80,8.0,1200,20,Sugarcane,DAP
135,75,80,8.0,1200,20,Sugarcane,DAP
140,75,80,8.0,1200,20,Sugarcane,DAP
145,75,80,8.0,1200,20,Sugarcane,DAP
150,75,80,8.0,1200,20,Sugarcane,DAP
120,80,60,8.5,1000,25,Sugarcane,DAP
125,80,60,8.5,1000,25,Sugarcane,DAP
130,80,60,8.5,1000,25,Sugarcane,DAP
135,80,60,8.5,1000,25,Sugarcane,DAP
140,80,60,8.5,1000,25,Sugarcane,DAP
145,80,60,8.5,1000,25,Sugarcane,DAP
150,80,60,8.5,1000,25,Sugarcane,DAP
120,60,70,6.5,1100,30,Sugarcane,MOP
125,60,70,6.5,1100,30,Sugarcane,MOP
130,60,70,6.5,1100,30,Sugarcane,MOP
135,60,70,6.5,1100,30,Sugarcane,MOP
140,60,70,6.5,1100,30,Sugarcane,MOP
145,60,70,6.5,1100,30,Sugarcane,MOP
150,60,70,6.5,1100,30,Sugarcane,MOP
120,65,75,7.0,1200,35,Sugarcane,MOP
125,65,75,7.0,1200,35,Sugarcane,MOP
130,65,75,7.0,1200,35,Sugarcane,MOP
135,65,75,7.0,1200,35,Sugarcane,MOP
140,65,75,7.0,1200,35,Sugarcane,MOP
145,65,75,7.0,1200,35,Sugarcane,MOP
150,65,75,7.0,1200,35,Sugarcane,MOP
120,70,80,7.5,1000,20,Sugarcane,MOP
125,70,80,7.5,1000,20,Sugarcane,MOP
130,70,80,7.5,1000,20,Sugarcane,MOP
135,70,80,7.5,1000,20,Sugarcane,MOP
140,70,80,7.5,1000,20,Sugarcane,MOP
145,70,80,7.5,1000,20,Sugarcane,MOP
150,70,80,7.5,1000,20,Sugarcane,MOP
120,75,60,8.0,1100,25,Sugarcane,MOP
125,75,60,8.0,1100,25,Sugarcane,MOP
130,75,60,8.0,1100,25,Sugarcane,MOP
135,75,60,8.0,1100,25,Sugarcane,MOP
140,75,60,8.0,1100,25,Sugarcane,MOP
145,75,60,8.0,1100,25,Sugarcane,MOP
150,75,60,8.0,1100,25,Sugarcane,MOP
120,80,65,8.5,1200,30,Sugarcane,MOP
125,80,65,8.5,1200,30,Sugarcane,MOP
130,80,65,8.5,1200,30,Sugarcane,MOP
135,80,65,8.5,1200,30,Sugarcane,MOP
140,80,65,8.5,1200,30,Sugarcane,MOP
145,80,65,8.5,1200,30,Sugarcane,MOP
150,80,65,8.5,1200,30,Sugarcane,MOP
120,60,75,6.5,1000,35,Sugarcane,MOP
125,60,75,6.5,1000,35,Sugarcane,MOP
130,60,75,6.5,1000,35,Sugarcane,MOP
135,60,75,6.5,1000,35,Sugarcane,MOP
140,60,75,6.5,1000,35,Sugarcane,MOP
145,60,75,6.5,1000,35,Sugarcane,MOP
150,60,75,6.5,1000,35,Sugarcane,MOP
120,65,80,7.0,1100,20,Sugarcane,MOP
125,65,80,7.0,1100,20,Sugarcane,MOP
130,65,80,7.0,1100,20,Sugarcane,MOP
135,65,80,7.0,1100,20,Sugarcane,MOP
140,65,80,7.0,1100,20,Sugarcane,MOP
145,65,80,7.0,1100,20,Sugarcane,MOP
150,65,80,7.0,1100,20,Sugarcane,MOP
120,70,60,7.5,1200,25,Sugarcane,MOP
125,70,60,7.5,1200,25,Sugarcane,MOP
130,70,60,7.5,1200,25,Sugarcane,MOP
135,70,60,7.5,1200,25,Sugarcane,MOP
140,70,60,7.5,1200,25,Sugarcane,MOP
145,70,60,7.5,1200,25,Sugarcane,MOP
150,70,60,7.5,1200,25,Sugarcane,MOP
120,75,65,8.0,1000,30,Sugarcane,MOP
125,75,65,8.0,1000,30,Sugarcane,MOP
130,75,65,8.0,1000,30,Sugarcane,MOP
135,75,65,8.0,1000,30,Sugarcane,MOP
140,75,65,8.0,1000,30,Sugarcane,MOP
145,75,65,8.0,1000,30,Sugarcane,MOP
150,75,65,8.0,1000,30,Sugarcane,MOP
120,80,70,8.5,1100,35,Sugarcane,MOP
125,80,70,8.5,1100,35,Sugarcane,MOP
130,80,70,8.5,1100,35,Sugarcane,MOP
135,80,70,8.5,1100,35,Sugarcane,MOP
140,80,70,8.5,1100,35,Sugarcane,MOP
145,80,70,8.5,1100,35,Sugarcane,MOP
150,80,70,8.5,1100,35,Sugarcane,MOP
120,60,80,6.5,1200,20,Sugarcane,MOP
125,60,80,6.5,1200,20,Sugarcane,MOP
130,60,80,6.5,1200,20,Sugarcane,MOP
135,60,80,6.5,1200,20,Sugarcane,MOP
140,60,80,6.5,1200,20,Sugarcane,MOP
145,60,80,6.5,1200,20,Sugarcane,MOP
150,60,80,6.5,1200,20,Sugarcane,MOP
120,65,60,7.0,1000,25,Sugarcane,MOP
125,65,60,7.0,1000,25,Sugarcane,MOP
130,65,60,7.0,1000,25,Sugarcane,MOP
135,65,60,7.0,1000,25,Sugarcane,MOP
140,65,60,7.0,1000,25,Sugarcane,MOP
145,65,60,7.0,1000,25,Sugarcane,MOP
150,65,60,7.0,1000,25,Sugarcane,MOP
120,70,65,7.5,1100,30,Sugarcane,MOP
125,70,65,7.5,1100,30,Sugarcane,MOP
130,70,65,7.5,1100,30,Sugarcane,MOP
135,70,65,7.5,1100,30,Sugarcane,MOP
140,70,65,7.5,1100,30,Sugarcane,MOP
145,70,65,7.5,1100,30,Sugarcane,MOP
150,70,65,7.5,1100,30,Sugarcane,MOP
120,75,70,8.0,1200,35,Sugarcane,MOP
125,75,70,8.0,1200,35,Sugarcane,MOP
130,75,70,8.0,1200,35,Sugarcane,MOP
135,75,70,8.0,1200,35,Sugarcane,MOP
140,75,70,8.0,1200,35,Sugarcane,MOP
145,75,70,8.0,1200,35,Sugarcane,MOP
150,75,70,8.0,1200,35,Sugarcane,MOP
120,80,75,8.5,1000,20,Sugarcane,MOP
125,80,75,8.5,1000,20,Sugarcane,MOP
130,80,75,8.5,1000,20,Sugarcane,MOP
135,80,75,8.5,1000,20,Sugarcane,MOP
140,80,75,8.5,1000,20,Sugarcane,MOP
145,80,75,8.5,1000,20,Sugarcane,MOP
150,80,75,8.5,1000,20,Sugarcane,MOP
120,60,120,6.0,900,20,Sugarcane,Urea
125,60,120,6.0,900,20,Sugarcane,Urea
130,60,120,6.0,900,20,Sugarcane,Urea
135,60,120,6.0,900,20,Sugarcane,Urea
140,60,120,6.0,900,20,Sugarcane,Urea
145,60,120,6.0,900,20,Sugarcane,Urea
150,60,120,6.0,900,20,Sugarcane,Urea
120,65,125,6.5,1000,25,Sugarcane,Urea
125,65,125,6.5,1000,25,Sugarcane,Urea
130,65,125,6.5,1000,25,Sugarcane,Urea
135,65,125,6.5,1000,25,Sugarcane,Urea
140,65,125,6.5,1000,25,Sugarcane,Urea
145,65,125,6.5,1000,25,Sugarcane,Urea
150,65,125,6.5,1000,25,Sugarcane,Urea
120,70,130,7.0,900,30,Sugarcane,Urea
125,70,130,7.0,900,30,Sugarcane,Urea
130,70,130,7.0,900,30,Sugarcane,Urea
135,70,130,7.0,900,30,Sugarcane,Urea
140,70,130,7.0,900,30,Sugarcane,Urea
145,70,130,7.0,900,30,Sugarcane,Urea
150,70,130,7.0,900,30,Sugarcane,Urea
120,75,135,6.0,1000,35,Sugarcane,Urea
125,75,135,6.0,1000,35,Sugarcane,Urea
130,75,135,6.0,1000,35,Sugarcane,Urea
135,75,135,6.0,1000,35,Sugarcane,Urea
140,75,135,6.0,1000,35,Sugarcane,Urea
145,75,135,6.0,1000,35,Sugarcane,Urea
150,75,135,6.0,1000,35,Sugarcane,Urea
120,80,140,6.5,900,20,Sugarcane,Urea
125,80,140,6.5,900,20,Sugarcane,Urea
130,80,140,6.5,900,20,Sugarcane,Urea
135,80,140,6.5,900,20,Sugarcane,Urea
140,80,140,6.5,900,20,Sugarcane,Urea
145,80,140,6.5,900,20,Sugarcane,Urea
150,80,140,6.5,900,20,Sugarcane,Urea
120,85,145,7.0,1000,25,Sugarcane,Urea
125,85,145,7.0,1000,25,Sugarcane,Urea
130,85,145,7.0,1000,25,Sugarcane,Urea
135,85,145,7.0,1000,25,Sugarcane,Urea
140,85,145,7.0,1000,25,Sugarcane,Urea
145,85,145,7.0,1000,25,Sugarcane,Urea
150,85,145,7.0,1000,25,Sugarcane,Urea
120,90,150,6.0,900,30,Sugarcane,Urea
125,90,150,6.0,900,30,Sugarcane,Urea
130,90,150,6.0,900,30,Sugarcane,Urea
135,90,150,6.0,900,30,Sugarcane,Urea
140,90,150,6.0,900,30,Sugarcane,Urea
145,90,150,6.0,900,30,Sugarcane,Urea
150,90,150,6.0,900,30,Sugarcane,Urea
120,60,125,6.5,1000,35,Sugarcane,DAP
125,60,125,6.5,1000,35,Sugarcane,DAP
130,60,125,6.5,1000,35,Sugarcane,DAP
135,60,125,6.5,1000,35,Sugarcane,DAP
140,60,125,6.5,1000,35,Sugarcane,DAP
145,60,125,6.5,1000,35,Sugarcane,DAP
150,60,125,6.5,1000,35,Sugarcane,DAP
120,65,130,7.0,900,20,Sugarcane,DAP
125,65,130,7.0,900,20,Sugarcane,DAP
130,65,130,7.0,900,20,Sugarcane,DAP
135,65,130,7.0,900,20,Sugarcane,DAP
140,65,130,7.0,900,20,Sugarcane,DAP
145,65,130,7.0,900,20,Sugarcane,DAP
150,65,130,7.0,900,20,Sugarcane,DAP
120,70,135,6.0,1000,25,Sugarcane,DAP
125,70,135,6.0,1000,25,Sugarcane,DAP
130,70,135,6.0,1000,25,Sugarcane,DAP
135,70,135,6.0,1000,25,Sugarcane,DAP
140,70,135,6.0,1000,25,Sugarcane,DAP
145,70,135,6.0,1000,25,Sugarcane,DAP
150,70,135,6.0,1000,25,Sugarcane,DAP
120,75,140,6.5,900,30,Sugarcane,DAP
125,75,140,6.5,900,30,Sugarcane,DAP
130,75,140,6.5,900,30,Sugarcane,DAP
135,75,140,6.5,900,30,Sugarcane,DAP
140,75,140,6.5,900,30,Sugarcane,DAP
145,75,140,6.5,900,30,Sugarcane,DAP
150,75,140,6.5,900,30,Sugarcane,DAP
120,80,145,7.0,1000,35,Sugarcane,DAP
125,80,145,7.0,1000,35,Sugarcane,DAP
130,80,145,7.0,1000,35,Sugarcane,DAP
135,80,145,7.0,1000,35,Sugarcane,DAP
140,80,145,7.0,1000,35,Sugarcane,DAP
145,80,145,7.0,1000,35,Sugarcane,DAP
150,80,145,7.0,1000,35,Sugarcane,DAP
120,85,150,6.0,900,20,Sugarcane,DAP
125,85,150,6.0,900,20,Sugarcane,DAP
130,85,150,6.0,900,20,Sugarcane,DAP
135,85,150,6.0,900,20,Sugarcane,DAP
140,85,150,6.0,900,20,Sugarcane,DAP
145,85,150,6.0,900,20,Sugarcane,DAP
150,85,150,6.0,900,20,Sugarcane,DAP
120,90,120,6.5,1000,25,Sugarcane,DAP
125,90,120,6.5,1000,25,Sugarcane,DAP
130,90,120,6.5,1000,25,Sugarcane,DAP
135,90,120,6.5,1000,25,Sugarcane,DAP
140,90,120,6.5,1000,25,Sugarcane,DAP
145,90,120,6.5,1000,25,Sugarcane,DAP
150,90,120,6.5,1000,25,Sugarcane,DAP
120,60,130,7.0,900,30,Sugarcane,MOP
125,60,130,7.0,900,30,Sugarcane,MOP
130,60,130,7.0,900,30,Sugarcane,MOP
135,60,130,7.0,900,30,Sugarcane,MOP
140,60,130,7.0,900,30,Sugarcane,MOP
145,60,130,7.0,900,30,Sugarcane,MOP
150,60,130,7.0,900,30,Sugarcane,MOP
120,65,135,6.0,1000,35,Sugarcane,MOP
125,65,135,6.0,1000,35,Sugarcane,MOP
130,65,135,6.0,1000,35,Sugarcane,MOP
135,65,135,6.0,1000,35,Sugarcane,MOP
140,65,135,6.0,1000,35,Sugarcane,MOP
145,65,135,6.0,1000,35,Sugarcane,MOP
150,65,135,6.0,1000,35,Sugarcane,MOP
120,70,140,6.5,900,20,Sugarcane,MOP
125,70,140,6.5,900,20,Sugarcane,MOP
130,70,140,6.5,900,20,Sugarcane,MOP
135,70,140,6.5,900,20,Sugarcane,MOP
140,70,140,6.5,900,20,Sugarcane,MOP
145,70,140,6.5,900,20,Sugarcane,MOP
150,70,140,6.5,900,20,Sugarcane,MOP
120,75,145,7.0,1000,25,Sugarcane,MOP
125,75,145,7.0,1000,25,Sugarcane,MOP
130,75,145,7.0,1000,25,Sugarcane,MOP
135,75,145,7.0,1000,25,Sugarcane,MOP
140,75,145,7.0,1000,25,Sugarcane,MOP
145,75,145,7.0,1000,25,Sugarcane,MOP
150,75,145,7.0,1000,25,Sugarcane,MOP
120,80,150,6.0,900,30,Sugarcane,MOP
125,80,150,6.0,900,30,Sugarcane,MOP
130,80,150,6.0,900,30,Sugarcane,MOP
135,80,150,6.0,900,30,Sugarcane,MOP
140,80,150,6.0,900,30,Sugarcane,MOP
145,80,150,6.0,900,30,Sugarcane,MOP
150,80,150,6.0,900,30,Sugarcane,MOP
120,85,120,6.5,1000,35,Sugarcane,MOP
125,85,120,6.5,1000,35,Sugarcane,MOP
130,85,120,6.5,1000,35,Sugarcane,MOP
135,85,120,6.5,1000,35,Sugarcane,MOP
140,85,120,6.5,1000,35,Sugarcane,MOP
145,85,120,6.5,1000,35,Sugarcane,MOP
150,85,120,6.5,1000,35,Sugarcane,MOP
120,90,125,7.0,900,20,Sugarcane,MOP
125,90,125,7.0,900,20,Sugarcane,MOP
130,90,125,7.0,900,20,Sugarcane,MOP
135,90,125,7.0,900,20,Sugarcane,MOP
140,90,125,7.0,900,20,Sugarcane,MOP
145,90,125,7.0,900,20,Sugarcane,MOP
150,90,125,7.0,900,20,Sugarcane,MOP
120,60,135,6.0,1000,25,Sugarcane,Urea
125,60,135,6.0,1000,25,Sugarcane,Urea
130,60,135,6.0,1000,25,Sugarcane,Urea
135,60,135,6.0,1000,25,Sugarcane,Urea
140,60,135,6.0,1000,25,Sugarcane,Urea
145,60,135,6.0,1000,25,Sugarcane,Urea
150,60,135,6.0,1000,25,Sugarcane,Urea
120,65,140,6.5,900,30,Sugarcane,Urea
125,65,140,6.5,900,30,Sugarcane,Urea
130,65,140,6.5,900,30,Sugarcane,Urea
135,65,140,6.5,900,30,Sugarcane,Urea
140,65,140,6.5,900,30,Sugarcane,Urea
145,65,140,6.5,900,30,Sugarcane,Urea
150,65,140,6.5,900,30,Sugarcane,Urea
120,70,145,7.0,1000,35,Sugarcane,Urea
125,70,145,7.0,1000,35,Sugarcane,Urea
130,70,145,7.0,1000,35,Sugarcane,Urea
135,70,145,7.0,1000,35,Sugarcane,Urea
140,70,145,7.0,1000,35,Sugarcane,Urea
145,70,145,7.0,1000,35,Sugarcane,Urea
150,70,145,7.0,1000,35,Sugarcane,Urea
120,75,150,6.0,900,20,Sugarcane,Urea
125,75,150,6.0,900,20,Sugarcane,Urea
130,75,150,6.0,900,20,Sugarcane,Urea
135,75,150,6.0,900,20,Sugarcane,Urea
140,75,150,6.0,900,20,Sugarcane,Urea
145,75,150,6.0,900,20,Sugarcane,Urea
150,75,150,6.0,900,20,Sugarcane,Urea
120,80,120,6.5,1000,25,Sugarcane,Urea
125,80,120,6.5,1000,25,Sugarcane,Urea
130,80,120,6.5,1000,25,Sugarcane,Urea
135,80,120,6.5,1000,25,Sugarcane,Urea
140,80,120,6.5,1000,25,Sugarcane,Urea
145,80,120,6.5,1000,25,Sugarcane,Urea
150,80,120,6.5,1000,25,Sugarcane,Urea
120,85,125,7.0,900,30,Sugarcane,Urea
125,85,125,7.0,900,30,Sugarcane,Urea
130,85,125,7.0,900,30,Sugarcane,Urea
135,85,125,7.0,900,30,Sugarcane,Urea
140,85,125,7.0,900,30,Sugarcane,Urea
145,85,125,7.0,900,30,Sugarcane,Urea
150,85,125,7.0,900,30,Sugarcane,Urea
120,90,130,6.0,1000,35,Sugarcane,Urea
125,90,130,6.0,1000,35,Sugarcane,Urea
130,90,130,6.0,1000,35,Sugarcane,Urea
135,90,130,6.0,1000,35,Sugarcane,Urea
140,90,130,6.0,1000,35,Sugarcane,Urea
145,90,130,6.0,1000,35,Sugarcane,Urea
150,90,130,6.0,1000,35,Sugarcane,Urea
120,60,140,6.5,900,20,Sugarcane,DAP
125,60,140,6.5,900,20,Sugarcane,DAP
130,60,140,6.5,900,20,Sugarcane,DAP
135,60,140,6.5,900,20,Sugarcane,DAP
140,60,140,6.5,900,20,Sugarcane,DAP
145,60,140,6.5,900,20,Sugarcane,DAP
150,60,140,6.5,900,20,Sugarcane,DAP
120,65,145,7.0,1000,25,Sugarcane,DAP
125,65,145,7.0,1000,25,Sugarcane,DAP
130,65,145,7.0,1000,25,Sugarcane,DAP
135,65,145,7.0,1000,25,Sugarcane,DAP
140,65,145,7.0,1000,25,Sugarcane,DAP
145,65,145,7.0,1000,25,Sugarcane,DAP
150,65,145,7.0,1000,25,Sugarcane,DAP
120,70,150,6.0,900,30,Sugarcane,DAP
125,70,150,6.0,900,30,Sugarcane,DAP
130,70,150,6.0,900,30,Sugarcane,DAP
135,70,150,6.0,900,30,Sugarcane,DAP
140,70,150,6.0,900,30,Sugarcane,DAP
145,70,150,6.0,900,30,Sugarcane,DAP
150,70,150,6.0,900,30,Sugarcane,DAP
120,75,120,6.5,1000,35,Sugarcane,DAP
125,75,120,6.5,1000,35,Sugarcane,DAP
130,75,120,6.5,1000,35,Sugarcane,DAP
135,75,120,6.5,1000,35,Sugarcane,DAP
140,75,120,6.5,1000,35,Sugarcane,DAP
145,75,120,6.5,1000,35,Sugarcane,DAP
150,75,120,6.5,1000,35,Sugarcane,DAP
120,80,125,7.0,900,20,Sugarcane,DAP
125,80,125,7.0,900,20,Sugarcane,DAP
130,80,125,7.0,900,20,Sugarcane,DAP
135,80,125,7.0,900,20,Sugarcane,DAP
140,80,125,7.0,900,20,Sugarcane,DAP
145,80,125,7.0,900,20,Sugarcane,DAP
150,80,125,7.0,900,20,Sugarcane,DAP
120,85,130,6.0,1000,25,Sugarcane,DAP
125,85,130,6.0,1000,25,Sugarcane,DAP
130,85,130,6.0,1000,25,Sugarcane,DAP
135,85,130,6.0,1000,25,Sugarcane,DAP
140,85,130,6.0,1000,25,Sugarcane,DAP
145,85,130,6.0,1000,25,Sugarcane,DAP
150,85,130,6.0,1000,25,Sugarcane,DAP
120,90,135,6.5,900,30,Sugarcane,DAP
125,90,135,6.5,900,30,Sugarcane,DAP
130,90,135,6.5,900,30,Sugarcane,DAP
135,90,135,6.5,900,30,Sugarcane,DAP
140,90,135,6.5,900,30,Sugarcane,DAP
145,90,135,6.5,900,30,Sugarcane,DAP
150,90,135,6.5,900,30,Sugarcane,DAP
120,60,145,7.0,1000,35,Sugarcane,MOP
125,60,145,7.0,1000,35,Sugarcane,MOP
130,60,145,7.0,1000,35,Sugarcane,MOP
135,60,145,7.0,1000,35,Sugarcane,MOP
140,60,145,7.0,1000,35,Sugarcane,MOP
145,60,145,7.0,1000,35,Sugarcane,MOP
150,60,145,7.0,1000,35,Sugarcane,MOP
120,65,150,6.0,900,20,Sugarcane,MOP
125,65,150,6.0,900,20,Sugarcane,MOP
130,65,150,6.0,900,20,Sugarcane,MOP
135,65,150,6.0,900,20,Sugarcane,MOP
140,65,150,6.0,900,20,Sugarcane,MOP
145,65,150,6.0,900,20,Sugarcane,MOP
150,65,150,6.0,900,20,Sugarcane,MOP
120,70,120,6.5,1000,25,Sugarcane,MOP
125,70,120,6.5,1000,25,Sugarcane,MOP
130,70,120,6.5,1000,25,Sugarcane,MOP
135,70,120,6.5,1000,25,Sugarcane,MOP
140,70,120,6.5,1000,25,Sugarcane,MOP
145,70,120,6.5,1000,25,Sugarcane,MOP
150,70,120,6.5,1000,25,Sugarcane,MOP
120,75,125,7.0,900,30,Sugarcane,MOP
125,75,125,7.0,900,30,Sugarcane,MOP
130,75,125,7.0,900,30,Sugarcane,MOP
135,75,125,7.0,900,30,Sugarcane,MOP
140,75,125,7.0,900,30,Sugarcane,MOP
145,75,125,7.0,900,30,Sugarcane,MOP
150,75,125,7.0,900,30,Sugarcane,MOP
120,80,130,6.0,1000,35,Sugarcane,MOP
125,80,130,6.0,1000,35,Sugarcane,MOP
130,80,130,6.0,1000,35,Sugarcane,MOP
135,80,130,6.0,1000,35,Sugarcane,MOP
140,80,130,6.0,1000,35,Sugarcane,MOP
145,80,130,6.0,1000,35,Sugarcane,MOP
150,80,130,6.0,1000,35,Sugarcane,MOP
120,85,135,6.5,900,20,Sugarcane,MOP
125,85,135,6.5,900,20,Sugarcane,MOP
130,85,135,6.5,900,20,Sugarcane,MOP
135,85,135,6.5,900,20,Sugarcane,MOP
140,85,135,6.5,900,20,Sugarcane,MOP
145,85,135,6.5,900,20,Sugarcane,MOP
150,85,135,6.5,900,20,Sugarcane,MOP
120,90,140,7.0,1000,25,Sugarcane,MOP
125,90,140,7.0,1000,25,Sugarcane,MOP
130,90,140,7.0,1000,25,Sugarcane,MOP
135,90,140,7.0,1000,25,Sugarcane,MOP
140,90,140,7.0,1000,25,Sugarcane,MOP
145,90,140,7.0,1000,25,Sugarcane,MOP
150,90,140,7.0,1000,25,Sugarcane,MOP
120,60,150,6.0,900,30,Sugarcane,Urea
125,60,150,6.0,900,30,Sugarcane,Urea
130,60,150,6.0,900,30,Sugarcane,Urea
135,60,150,6.0,900,30,Sugarcane,Urea
140,60,150,6.0,900,30,Sugarcane,Urea
145,60,150,6.0,900,30,Sugarcane,Urea
150,60,150,6.0,900,30,Sugarcane,Urea
120,65,120,6.5,1000,35,Sugarcane,Urea
125,65,120,6.5,1000,35,Sugarcane,Urea
130,65,120,6.5,1000,35,Sugarcane,Urea
135,65,120,6.5,1000,35,Sugarcane,Urea
140,65,120,6.5,1000,35,Sugarcane,Urea
145,65,120,6.5,1000,35,Sugarcane,Urea
150,65,120,6.5,1000,35,Sugarcane,Urea
120,70,125,7.0,900,20,Sugarcane,Urea
125,70,125,7.0,900,20,Sugarcane,Urea
130,70,125,7.0,900,20,Sugarcane,Urea
135,70,125,7.0,900,20,Sugarcane,Urea
140,70,125,7.0,900,20,Sugarcane,Urea
145,70,125,7.0,900,20,Sugarcane,Urea
150,70,125,7.0,900,20,Sugarcane,Urea
120,75,130,6.0,1000,25,Sugarcane,Urea
125,75,130,6.0,1000,25,Sugarcane,Urea
130,75,130,6.0,1000,25,Sugarcane,Urea
135,75,130,6.0,1000,25,Sugarcane,Urea
140,75,130,6.0,1000,25,Sugarcane,Urea
145,75,130,6.0,1000,25,Sugarcane,Urea
150,75,130,6.0,1000,25,Sugarcane,Urea
120,80,135,6.5,900,30,Sugarcane,Urea
125,80,135,6.5,900,30,Sugarcane,Urea
130,80,135,6.5,900,30,Sugarcane,Urea
135,80,135,6.5,900,30,Sugarcane,Urea
140,80,135,6.5,900,30,Sugarcane,Urea
145,80,135,6.5,900,30,Sugarcane,Urea
150,80,135,6.5,900,30,Sugarcane,Urea
120,85,140,7.0,1000,35,Sugarcane,Urea
125,85,140,7.0,1000,35,Sugarcane,Urea
130,85,140,7.0,1000,35,Sugarcane,Urea
135,85,140,7.0,1000,35,Sugarcane,Urea
140,85,140,7.0,1000,35,Sugarcane,Urea
145,85,140,7.0,1000,35,Sugarcane,Urea
150,85,140,7.0,1000,35,Sugarcane,Urea
120,90,145,6.0,900,20,Sugarcane,Urea
125,90,145,6.0,900,20,Sugarcane,Urea
130,90,145,6.0,900,20,Sugarcane,Urea
135,90,145,6.0,900,20,Sugarcane,Urea
140,90,145,6.0,900,20,Sugarcane,Urea
145,90,145,6.0,900,20,Sugarcane,Urea
150,90,145,6.0,900,20,Sugarcane,Urea
120,60,80,6.5,700,20,Sugarcane,DAP
125,60,80,6.5,700,20,Sugarcane,DAP
130,60,80,6.5,700,20,Sugarcane,DAP
135,60,80,6.5,700,20,Sugarcane,DAP
140,60,80,6.5,700,20,Sugarcane,DAP
145,60,80,6.5,700,20,Sugarcane,DAP
150,60,80,6.5,700,20,Sugarcane,DAP
120,65,85,7.0,800,25,Sugarcane,DAP
125,65,85,7.0,800,25,Sugarcane,DAP
130,65,85,7.0,800,25,Sugarcane,DAP
135,65,85,7.0,800,25,Sugarcane,DAP
140,65,85,7.0,800,25,Sugarcane,DAP
145,65,85,7.0,800,25,Sugarcane,DAP
150,65,85,7.0,800,25,Sugarcane,DAP
120,70,90,6.5,700,30,Sugarcane,DAP
125,70,90,6.5,700,30,Sugarcane,DAP
130,70,90,6.5,700,30,Sugarcane,DAP
135,70,90,6.5,700,30,Sugarcane,DAP
140,70,90,6.5,700,30,Sugarcane,DAP
145,70,90,6.5,700,30,Sugarcane,DAP
150,70,90,6.5,700,30,Sugarcane,DAP
120,75,95,7.0,800,20,Sugarcane,DAP
125,75,95,7.0,800,20,Sugarcane,DAP
130,75,95,7.0,800,20,Sugarcane,DAP
135,75,95,7.0,800,20,Sugarcane,DAP
140,75,95,7.0,800,20,Sugarcane,DAP
145,75,95,7.0,800,20,Sugarcane,DAP
150,75,95,7.0,800,20,Sugarcane,DAP
120,80,100,6.5,700,25,Sugarcane,DAP
125,80,100,6.5,700,25,Sugarcane,DAP
130,80,100,6.5,700,25,Sugarcane,DAP
135,80,100,6.5,700,25,Sugarcane,DAP
140,80,100,6.5,700,25,Sugarcane,DAP
145,80,100,6.5,700,25,Sugarcane,DAP
150,80,100,6.5,700,25,Sugarcane,DAP
120,60,85,7.0,800,30,Sugarcane,Urea
125,60,85,7.0,800,30,Sugarcane,Urea
130,60,85,7.0,800,30,Sugarcane,Urea
135,60,85,7.0,800,30,Sugarcane,Urea
140,60,85,7.0,800,30,Sugarcane,Urea
145,60,85,7.0,800,30,Sugarcane,Urea
150,60,85,7.0,800,30,Sugarcane,Urea
120,65,90,6.5,700,20,Sugarcane,Urea
125,65,90,6.5,700,20,Sugarcane,Urea
130,65,90,6.5,700,20,Sugarcane,Urea
135,65,90,6.5,700,20,Sugarcane,Urea
140,65,90,6.5,700,20,Sugarcane,Urea
145,65,90,6.5,700,20,Sugarcane,Urea
150,65,90,6.5,700,20,Sugarcane,Urea
120,70,95,7.0,800,25,Sugarcane,Urea
125,70,95,7.0,800,25,Sugarcane,Urea
130,70,95,7.0,800,25,Sugarcane,Urea
135,70,95,7.0,800,25,Sugarcane,Urea
140,70,95,7.0,800,25,Sugarcane,Urea
145,70,95,7.0,800,25,Sugarcane,Urea
150,70,95,7.0,800,25,Sugarcane,Urea
120,75,100,6.5,700,30,Sugarcane,Urea
125,75,100,6.5,700,30,Sugarcane,Urea
130,75,100,6.5,700,30,Sugarcane,Urea
135,75,100,6.5,700,30,Sugarcane,Urea
140,75,100,6.5,700,30,Sugarcane,Urea
145,75,100,6.5,700,30,Sugarcane,Urea
150,75,100,6.5,700,30,Sugarcane,Urea
120,80,80,7.0,800,20,Sugarcane,Urea
125,80,80,7.0,800,20,Sugarcane,Urea
130,80,80,7.0,800,20,Sugarcane,Urea
135,80,80,7.0,800,20,Sugarcane,Urea
140,80,80,7.0,800,20,Sugarcane,Urea
145,80,80,7.0,800,20,Sugarcane,Urea
150,80,80,7.0,800,20,Sugarcane,Urea
120,60,90,6.5,700,25,Sugarcane,MOP
125,60,90,6.5,700,25,Sugarcane,MOP
130,60,90,6.5,700,25,Sugarcane,MOP
135,60,90,6.5,700,25,Sugarcane,MOP
140,60,90,6.5,700,25,Sugarcane,MOP
145,60,90,6.5,700,25,Sugarcane,MOP
150,60,90,6.5,700,25,Sugarcane,MOP
120,65,95,7.0,800,30,Sugarcane,MOP
125,65,95,7.0,800,30,Sugarcane,MOP
130,65,95,7.0,800,30,Sugarcane,MOP
135,65,95,7.0,800,30,Sugarcane,MOP
140,65,95,7.0,800,30,Sugarcane,MOP
145,65,95,7.0,800,30,Sugarcane,MOP
150,65,95,7.0,800,30,Sugarcane,MOP
120,70,100,6.5,700,20,Sugarcane,MOP
125,70,100,6.5,700,20,Sugarcane,MOP
130,70,100,6.5,700,20,Sugarcane,MOP
135,70,100,6.5,700,20,Sugarcane,MOP
140,70,100,6.5,700,20,Sugarcane,MOP
145,70,100,6.5,700,20,Sugarcane,MOP
150,70,100,6.5,700,20,Sugarcane,MOP
120,75,80,7.0,800,25,Sugarcane,MOP
125,75,80,7.0,800,25,Sugarcane,MOP
130,75,80,7.0,800,25,Sugarcane,MOP
135,75,80,7.0,800,25,Sugarcane,MOP
140,75,80,7.0,800,25,Sugarcane,MOP
145,75,80,7.0,800,25,Sugarcane,MOP
150,75,80,7.0,800,25,Sugarcane,MOP
120,80,85,6.5,700,30,Sugarcane,MOP
125,80,85,6.5,700,30,Sugarcane,MOP
130,80,85,6.5,700,30,Sugarcane,MOP
135,80,85,6.5,700,30,Sugarcane,MOP
140,80,85,6.5,700,30,Sugarcane,MOP
145,80,85,6.5,700,30,Sugarcane,MOP
150,80,85,6.5,700,30,Sugarcane,MOP
120,60,95,7.0,800,20,Sugarcane,DAP
125,60,95,7.0,800,20,Sugarcane,DAP
130,60,95,7.0,800,20,Sugarcane,DAP
135,60,95,7.0,800,20,Sugarcane,DAP
140,60,95,7.0,800,20,Sugarcane,DAP
145,60,95,7.0,800,20,Sugarcane,DAP
150,60,95,7.0,800,20,Sugarcane,DAP
120,65,100,6.5,700,25,Sugarcane,DAP
125,65,100,6.5,700,25,Sugarcane,DAP
130,65,100,6.5,700,25,Sugarcane,DAP
135,65,100,6.5,700,25,Sugarcane,DAP
140,65,100,6.5,700,25,Sugarcane,DAP
145,65,100,6.5,700,25,Sugarcane,DAP
150,65,100,6.5,700,25,Sugarcane,DAP
120,70,80,7.0,800,30,Sugarcane,DAP
125,70,80,7.0,800,30,Sugarcane,DAP
130,70,80,7.0,800,30,Sugarcane,DAP
135,70,80,7.0,800,30,Sugarcane,DAP
140,70,80,7.0,800,30,Sugarcane,DAP
145,70,80,7.0,800,30,Sugarcane,DAP
150,70,80,7.0,800,30,Sugarcane,DAP
120,75,85,6.5,700,20,Sugarcane,DAP
125,75,85,6.5,700,20,Sugarcane,DAP
130,75,85,6.5,700,20,Sugarcane,DAP
135,75,85,6.5,700,20,Sugarcane,DAP
140,75,85,6.5,700,20,Sugarcane,DAP
145,75,85,6.5,700,20,Sugarcane,DAP
150,75,85,6.5,700,20,Sugarcane,DAP
120,80,90,7.0,800,25,Sugarcane,DAP
125,80,90,7.0,800,25,Sugarcane,DAP
130,80,90,7.0,800,25,Sugarcane,DAP
135,80,90,7.0,800,25,Sugarcane,DAP
140,80,90,7.0,800,25,Sugarcane,DAP
145,80,90,7.0,800,25,Sugarcane,DAP
150,80,90,7.0,800,25,Sugarcane,DAP
120,60,100,6.5,700,30,Sugarcane,Urea
125,60,100,6.5,700,30,Sugarcane,Urea
130,60,100,6.5,700,30,Sugarcane,Urea
135,60,100,6.5,700,30,Sugarcane,Urea
140,60,100,6.5,700,30,Sugarcane,Urea
145,60,100,6.5,700,30,Sugarcane,Urea
150,60,100,6.5,700,30,Sugarcane,Urea
120,65,80,7.0,800,20,Sugarcane,Urea
125,65,80,7.0,800,20,Sugarcane,Urea
130,65,80,7.0,800,20,Sugarcane,Urea
135,65,80,7.0,800,20,Sugarcane,Urea
140,65,80,7.0,800,20,Sugarcane,Urea
145,65,80,7.0,800,20,Sugarcane,Urea
150,65,80,7.0,800,20,Sugarcane,Urea
120,70,85,6.5,700,25,Sugarcane,Urea
125,70,85,6.5,700,25,Sugarcane,Urea
130,70,85,6.5,700,25,Sugarcane,Urea
135,70,85,6.5,700,25,Sugarcane,Urea
140,70,85,6.5,700,25,Sugarcane,Urea
145,70,85,6.5,700,25,Sugarcane,Urea
150,70,85,6.5,700,25,Sugarcane,Urea
120,75,90,7.0,800,30,Sugarcane,Urea
125,75,90,7.0,800,30,Sugarcane,Urea
130,75,90,7.0,800,30,Sugarcane,Urea
135,75,90,7.0,800,30,Sugarcane,Urea
140,75,90,7.0,800,30,Sugarcane,Urea
145,75,90,7.0,800,30,Sugarcane,Urea
150,75,90,7.0,800,30,Sugarcane,Urea
120,80,95,6.5,700,20,Sugarcane,Urea
125,80,95,6.5,700,20,Sugarcane,Urea
130,80,95,6.5,700,20,Sugarcane,Urea
135,80,95,6.5,700,20,Sugarcane,Urea
140,80,95,6.5,700,20,Sugarcane,Urea
145,80,95,6.5,700,20,Sugarcane,Urea
150,80,95,6.5,700,20,Sugarcane,Urea
120,60,120,6.5,1000,20,Sugarcane,MOP
125,60,120,6.5,1000,20,Sugarcane,MOP
130,60,120,6.5,1000,20,Sugarcane,MOP
135,60,120,6.5,1000,20,Sugarcane,MOP
140,60,120,6.5,1000,20,Sugarcane,MOP
145,60,120,6.5,1000,20,Sugarcane,MOP
150,60,120,6.5,1000,20,Sugarcane,MOP
120,65,125,7.0,1100,25,Sugarcane,MOP
125,65,125,7.0,1100,25,Sugarcane,MOP
130,65,125,7.0,1100,25,Sugarcane,MOP
135,65,125,7.0,1100,25,Sugarcane,MOP
140,65,125,7.0,1100,25,Sugarcane,MOP
145,65,125,7.0,1100,25,Sugarcane,MOP
150,65,125,7.0,1100,25,Sugarcane,MOP
120,70,130,7.5,1200,30,Sugarcane,MOP
125,70,130,7.5,1200,30,Sugarcane,MOP
130,70,130,7.5,1200,30,Sugarcane,MOP
135,70,130,7.5,1200,30,Sugarcane,MOP
140,70,130,7.5,1200,30,Sugarcane,MOP
145,70,130,7.5,1200,30,Sugarcane,MOP
150,70,130,7.5,1200,30,Sugarcane,MOP
120,75,135,6.5,1300,35,Sugarcane,MOP
125,75,135,6.5,1300,35,Sugarcane,MOP
130,75,135,6.5,1300,35,Sugarcane,MOP
135,75,135,6.5,1300,35,Sugarcane,MOP
140,75,135,6.5,1300,35,Sugarcane,MOP
145,75,135,6.5,1300,35,Sugarcane,MOP
150,75,135,6.5,1300,35,Sugarcane,MOP
120,80,140,7.0,1400,20,Sugarcane,MOP
125,80,140,7.0,1400,20,Sugarcane,MOP
130,80,140,7.0,1400,20,Sugarcane,MOP
135,80,140,7.0,1400,20,Sugarcane,MOP
140,80,140,7.0,1400,20,Sugarcane,MOP
145,80,140,7.0,1400,20,Sugarcane,MOP
150,80,140,7.0,1400,20,Sugarcane,MOP
120,60,145,7.5,1500,25,Sugarcane,Urea
125,60,145,7.5,1500,25,Sugarcane,Urea
130,60,145,7.5,1500,25,Sugarcane,Urea
135,60,145,7.5,1500,25,Sugarcane,Urea
140,60,145,7.5,1500,25,Sugarcane,Urea
145,60,145,7.5,1500,25,Sugarcane,Urea
150,60,145,7.5,1500,25,Sugarcane,Urea
120,65,150,6.5,1000,30,Sugarcane,Urea
125,65,150,6.5,1000,30,Sugarcane,Urea
130,65,150,6.5,1000,30,Sugarcane,Urea
135,65,150,6.5,1000,30,Sugarcane,Urea
140,65,150,6.5,1000,30,Sugarcane,Urea
145,65,150,6.5,1000,30,Sugarcane,Urea
150,65,150,6.5,1000,30,Sugarcane,Urea
120,70,120,7.0,1100,35,Sugarcane,Urea
125,70,120,7.0,1100,35,Sugarcane,Urea
130,70,120,7.0,1100,35,Sugarcane,Urea
135,70,120,7.0,1100,35,Sugarcane,Urea
140,70,120,7.0,1100,35,Sugarcane,Urea
145,70,120,7.0,1100,35,Sugarcane,Urea
150,70,120,7.0,1100,35,Sugarcane,Urea
120,75,125,7.5,1200,20,Sugarcane,Urea
125,75,125,7.5,1200,20,Sugarcane,Urea
130,75,125,7.5,1200,20,Sugarcane,Urea
135,75,125,7.5,1200,20,Sugarcane,Urea
140,75,125,7.5,1200,20,Sugarcane,Urea
145,75,125,7.5,1200,20,Sugarcane,Urea
150,75,125,7.5,1200,20,Sugarcane,Urea
120,80,130,6.5,1300,25,Sugarcane,Urea
125,80,130,6.5,1300,25,Sugarcane,Urea
130,80,130,6.5,1300,25,Sugarcane,Urea
135,80,130,6.5,1300,25,Sugarcane,Urea
140,80,130,6.5,1300,25,Sugarcane,Urea
145,80,130,6.5,1300,25,Sugarcane,Urea
150,80,130,6.5,1300,25,Sugarcane,Urea
120,60,135,7.0,1400,30,Sugarcane,DAP
125,60,135,7.0,1400,30,Sugarcane,DAP
130,60,135,7.0,1400,30,Sugarcane,DAP
135,60,135,7.0,1400,30,Sugarcane,DAP
140,60,135,7.0,1400,30,Sugarcane,DAP
145,60,135,7.0,1400,30,Sugarcane,DAP
150,60,135,7.0,1400,30,Sugarcane,DAP
120,65,140,7.5,1500,35,Sugarcane,DAP
125,65,140,7.5,1500,35,Sugarcane,DAP
130,65,140,7.5,1500,35,Sugarcane,DAP
135,65,140,7.5,1500,35,Sugarcane,DAP
140,65,140,7.5,1500,35,Sugarcane,DAP
145,65,140,7.5,1500,35,Sugarcane,DAP
150,65,140,7.5,1500,35,Sugarcane,DAP
120,70,145,6.5,1000,20,Sugarcane,DAP
125,70,145,6.5,1000,20,Sugarcane,DAP
130,70,145,6.5,1000,20,Sugarcane,DAP
135,70,145,6.5,1000,20,Sugarcane,DAP
140,70,145,6.5,1000,20,Sugarcane,DAP
145,70,145,6.5,1000,20,Sugarcane,DAP
150,70,145,6.5,1000,20,Sugarcane,DAP
120,75,150,7.0,1100,25,Sugarcane,DAP
125,75,150,7.0,1100,25,Sugarcane,DAP
130,75,150,7.0,1100,25,Sugarcane,DAP
135,75,150,7.0,1100,25,Sugarcane,DAP
140,75,150,7.0,1100,25,Sugarcane,DAP
145,75,150,7.0,1100,25,Sugarcane,DAP
150,75,150,7.0,1100,25,Sugarcane,DAP
120,80,120,7.5,1200,30,Sugarcane,DAP
125,80,120,7.5,1200,30,Sugarcane,DAP
130,80,120,7.5,1200,30,Sugarcane,DAP
135,80,120,7.5,1200,30,Sugarcane,DAP
140,80,120,7.5,1200,30,Sugarcane,DAP
145,80,120,7.5,1200,30,Sugarcane,DAP
150,80,120,7.5,1200,30,Sugarcane,DAP
120,60,125,6.5,1300,35,Sugarcane,MOP
125,60,125,6.5,1300,35,Sugarcane,MOP
130,60,125,6.5,1300,35,Sugarcane,MOP
135,60,125,6.5,1300,35,Sugarcane,MOP
140,60,125,6.5,1300,35,Sugarcane,MOP
145,60,125,6.5,1300,35,Sugarcane,MOP
150,60,125,6.5,1300,35,Sugarcane,MOP
120,65,130,7.0,1400,20,Sugarcane,MOP
125,65,130,7.0,1400,20,Sugarcane,MOP
130,65,130,7.0,1400,20,Sugarcane,MOP
135,65,130,7.0,1400,20,Sugarcane,MOP
140,65,130,7.0,1400,20,Sugarcane,MOP
145,65,130,7.0,1400,20,Sugarcane,MOP
150,65,130,7.0,1400,20,Sugarcane,MOP
120,70,135,7.5,1500,25,Sugarcane,MOP
125,70,135,7.5,1500,25,Sugarcane,MOP
130,70,135,7.5,1500,25,Sugarcane,MOP
135,70,135,7.5,1500,25,Sugarcane,MOP
140,70,135,7.5,1500,25,Sugarcane,MOP
145,70,135,7.5,1500,25,Sugarcane,MOP
150,70,135,7.5,1500,25,Sugarcane,MOP
120,75,140,6.5,1000,30,Sugarcane,MOP
125,75,140,6.5,1000,30,Sugarcane,MOP
130,75,140,6.5,1000,30,Sugarcane,MOP
135,75,140,6.5,1000,30,Sugarcane,MOP
140,75,140,6.5,1000,30,Sugarcane,MOP
145,75,140,6.5,1000,30,Sugarcane,MOP
150,75,140,6.5,1000,30,Sugarcane,MOP
120,80,145,7.0,1100,35,Sugarcane,MOP
125,80,145,7.0,1100,35,Sugarcane,MOP
130,80,145,7.0,1100,35,Sugarcane,MOP
135,80,145,7.0,1100,35,Sugarcane,MOP
140,80,145,7.0,1100,35,Sugarcane,MOP
145,80,145,7.0,1100,35,Sugarcane,MOP
150,80,145,7.0,1100,35,Sugarcane,MOP
120,60,150,7.5,1200,20,Sugarcane,Urea
125,60,150,7.5,1200,20,Sugarcane,Urea
130,60,150,7.5,1200,20,Sugarcane,Urea
135,60,150,7.5,1200,20,Sugarcane,Urea
140,60,150,7.5,1200,20,Sugarcane,Urea
145,60,150,7.5,1200,20,Sugarcane,Urea
150,60,150,7.5,1200,20,Sugarcane,Urea
120,65,120,6.5,1300,25,Sugarcane,Urea
125,65,120,6.5,1300,25,Sugarcane,Urea
130,65,120,6.5,1300,25,Sugarcane,Urea
135,65,120,6.5,1300,25,Sugarcane,Urea
140,65,120,6.5,1300,25,Sugarcane,Urea
145,65,120,6.5,1300,25,Sugarcane,Urea
150,65,120,6.5,1300,25,Sugarcane,Urea
120,70,125,7.0,1400,30,Sugarcane,Urea
125,70,125,7.0,1400,30,Sugarcane,Urea
130,70,125,7.0,1400,30,Sugarcane,Urea
135,70,125,7.0,1400,30,Sugarcane,Urea
140,70,125,7.0,1400,30,Sugarcane,Urea
145,70,125,7.0,1400,30,Sugarcane,Urea
150,70,125,7.0,1400,30,Sugarcane,Urea
120,75,130,7.5,1500,35,Sugarcane,Urea
125,75,130,7.5,1500,35,Sugarcane,Urea
130,75,130,7.5,1500,35,Sugarcane,Urea
135,75,130,7.5,1500,35,Sugarcane,Urea
140,75,130,7.5,1500,35,Sugarcane,Urea
145,75,130,7.5,1500,35,Sugarcane,Urea
150,75,130,7.5,1500,35,Sugarcane,Urea
120,80,135,6.5,1000,20,Sugarcane,Urea
125,80,135,6.5,1000,20,Sugarcane,Urea
130,80,135,6.5,1000,20,Sugarcane,Urea
135,80,135,6.5,1000,20,Sugarcane,Urea
140,80,135,6.5,1000,20,Sugarcane,Urea
145,80,135,6.5,1000,20,Sugarcane,Urea
150,80,135,6.5,1000,20,Sugarcane,Urea
120,60,140,7.0,1100,25,Sugarcane,DAP
125,60,140,7.0,1100,25,Sugarcane,DAP
130,60,140,7.0,1100,25,Sugarcane,DAP
135,60,140,7.0,1100,25,Sugarcane,DAP
140,60,140,7.0,1100,25,Sugarcane,DAP
145,60,140,7.0,1100,25,Sugarcane,DAP
150,60,140,7.0,1100,25,Sugarcane,DAP
120,65,145,7.5,1200,30,Sugarcane,DAP
125,65,145,7.5,1200,30,Sugarcane,DAP
130,65,145,7.5,1200,30,Sugarcane,DAP
135,65,145,7.5,1200,30,Sugarcane,DAP
140,65,145,7.5,1200,30,Sugarcane,DAP
145,65,145,7.5,1200,30,Sugarcane,DAP
150,65,145,7.5,1200,30,Sugarcane,DAP
120,70,150,6.5,1300,35,Sugarcane,DAP
125,70,150,6.5,1300,35,Sugarcane,DAP
130,70,150,6.5,1300,35,Sugarcane,DAP
135,70,150,6.5,1300,35,Sugarcane,DAP
140,70,150,6.5,1300,35,Sugarcane,DAP
145,70,150,6.5,1300,35,Sugarcane,DAP
150,70,150,6.5,1300,35,Sugarcane,DAP
120,75,120,7.0,1400,20,Sugarcane,DAP
125,75,120,7.0,1400,20,Sugarcane,DAP
130,75,120,7.0,1400,20,Sugarcane,DAP
135,75,120,7.0,1400,20,Sugarcane,DAP
140,75,120,7.0,1400,20,Sugarcane,DAP
145,75,120,7.0,1400,20,Sugarcane,DAP
150,75,120,7.0,1400,20,Sugarcane,DAP
120,80,125,7.5,1500,25,Sugarcane,DAP
125,80,125,7.5,1500,25,Sugarcane,DAP
130,80,125,7.5,1500,25,Sugarcane,DAP
135,80,125,7.5,1500,25,Sugarcane,DAP
140,80,125,7.5,1500,25,Sugarcane,DAP
145,80,125,7.5,1500,25,Sugarcane,DAP
150,80,125,7.5,1500,25,Sugarcane,DAP
120,60,130,6.5,1000,30,Sugarcane,MOP
125,60,130,6.5,1000,30,Sugarcane,MOP
130,60,130,6.5,1000,30,Sugarcane,MOP
135,60,130,6.5,1000,30,Sugarcane,MOP
140,60,130,6.5,1000,30,Sugarcane,MOP
145,60,130,6.5,1000,30,Sugarcane,MOP
150,60,130,6.5,1000,30,Sugarcane,MOP
120,65,135,7.0,1100,35,Sugarcane,MOP
125,65,135,7.0,1100,35,Sugarcane,MOP
130,65,135,7.0,1100,35,Sugarcane,MOP
135,65,135,7.0,1100,35,Sugarcane,MOP
140,65,135,7.0,1100,35,Sugarcane,MOP
145,65,135,7.0,1100,35,Sugarcane,MOP
150,65,135,7.0,1100,35,Sugarcane,MOP
120,70,140,7.5,1200,20,Sugarcane,MOP
125,70,140,7.5,1200,20,Sugarcane,MOP
130,70,140,7.5,1200,20,Sugarcane,MOP
135,70,140,7.5,1200,20,Sugarcane,MOP
140,70,140,7.5,1200,20,Sugarcane,MOP
145,70,140,7.5,1200,20,Sugarcane,MOP
150,70,140,7.5,1200,20,Sugarcane,MOP
120,75,145,6.5,1300,25,Sugarcane,MOP
125,75,145,6.5,1300,25,Sugarcane,MOP
130,75,145,6.5,1300,25,Sugarcane,MOP
135,75,145,6.5,1300,25,Sugarcane,MOP
140,75,145,6.5,1300,25,Sugarcane,MOP
145,75,145,6.5,1300,25,Sugarcane,MOP
150,75,145,6.5,1300,25,Sugarcane,MOP
120,80,150,7.0,1400,30,Sugarcane,MOP
125,80,150,7.0,1400,30,Sugarcane,MOP
130,80,150,7.0,1400,30,Sugarcane,MOP
135,80,150,7.0,1400,30,Sugarcane,MOP
140,80,150,7.0,1400,30,Sugarcane,MOP
145,80,150,7.0,1400,30,Sugarcane,MOP
150,80,150,7.0,1400,30,Sugarcane,MOP
40,30,20,6.0,300,20,Soybean,Urea
45,30,20,6.0,300,20,Soybean,Urea
50,30,20,6.0,300,20,Soybean,Urea
55,30,20,6.0,300,20,Soybean,Urea
60,30,20,6.0,300,20,Soybean,Urea
40,35,25,6.5,400,25,Soybean,Urea
45,35,25,6.5,400,25,Soybean,Urea
50,35,25,6.5,400,25,Soybean,Urea
55,35,25,6.5,400,25,Soybean,Urea
60,35,25,6.5,400,25,Soybean,Urea
40,40,30,7.0,300,30,Soybean,Urea
45,40,30,7.0,300,30,Soybean,Urea
50,40,30,7.0,300,30,Soybean,Urea
55,40,30,7.0,300,30,Soybean,Urea
60,40,30,7.0,300,30,Soybean,Urea
40,30,25,6.0,400,20,Soybean,20:20:20 NPK
45,30,25,6.0,400,20,Soybean,20:20:20 NPK
50,30,25,6.0,400,20,Soybean,20:20:20 NPK
55,30,25,6.0,400,20,Soybean,20:20:20 NPK
60,30,25,6.0,400,20,Soybean,20:20:20 NPK
40,35,30,6.5,300,25,Soybean,20:20:20 NPK
45,35,30,6.5,300,25,Soybean,20:20:20 NPK
50,35,30,6.5,300,25,Soybean,20:20:20 NPK
55,35,30,6.5,300,25,Soybean,20:20:20 NPK
60,35,30,6.5,300,25,Soybean,20:20:20 NPK
40,40,20,7.0,400,30,Soybean,20:20:20 NPK
45,40,20,7.0,400,30,Soybean,20:20:20 NPK
50,40,20,7.0,400,30,Soybean,20:20:20 NPK
55,40,20,7.0,400,30,Soybean,20:20:20 NPK
60,40,20,7.0,400,30,Soybean,20:20:20 NPK
40,30,30,6.0,300,20,Soybean,SSP
45,30,30,6.0,300,20,Soybean,SSP
50,30,30,6.0,300,20,Soybean,SSP
55,30,30,6.0,300,20,Soybean,SSP
60,30,30,6.0,300,20,Soybean,SSP
40,35,20,6.5,400,25,Soybean,SSP
45,35,20,6.5,400,25,Soybean,SSP
50,35,20,6.5,400,25,Soybean,SSP
55,35,20,6.5,400,25,Soybean,SSP
60,35,20,6.5,400,25,Soybean,SSP
40,40,25,7.0,300,30,Soybean,SSP
45,40,25,7.0,300,30,Soybean,SSP
50,40,25,7.0,300,30,Soybean,SSP
55,40,25,7.0,300,30,Soybean,SSP
60,40,25,7.0,300,30,Soybean,SSP
